seleccion ;nombre_completo;name;dorsal;posicion;club;valor;fecha_nacimiento;grupo; iso2; iso3
Alemania;;;1;;;;;;DE;DEU
Alemania;;;2;;;;;;DE;DEU
Alemania;;;3;;;;;;DE;DEU
Alemania;;;4;;;;;;DE;DEU
Alemania;;;5;;;;;;DE;DEU
Alemania;;;6;;;;;;DE;DEU
Alemania;;;7;;;;;;DE;DEU
Alemania;;;8;;;;;;DE;DEU
Alemania;;;9;;;;;;DE;DEU
Alemania;;;10;;;;;;DE;DEU
Alemania;;;11;;;;;;DE;DEU
Alemania;;;12;;;;;;DE;DEU
Alemania;;;13;;;;;;DE;DEU
Alemania;;;14;;;;;;DE;DEU
Alemania;;;15;;;;;;DE;DEU
Alemania;;;16;;;;;;DE;DEU
Alemania;;;17;;;;;;DE;DEU
Alemania;;;18;;;;;;DE;DEU
Alemania;;;19;;;;;;DE;DEU
Alemania;;;20;;;;;;DE;DEU
Alemania;;;21;;;;;;DE;DEU
Alemania;;;22;;;;;;DE;DEU
Alemania;;;23;;;;;;DE;DEU
Alemania;;;24;;;;;;DE;DEU
Alemania;;;25;;;;;;DE;DEU
Alemania;;;26;;;;;;DE;DEU
Arabia Saudita;;;1;;;;;;SA;SAU
Arabia Saudita;;;2;;;;;;SA;SAU
Arabia Saudita;;;3;;;;;;SA;SAU
Arabia Saudita;;;4;;;;;;SA;SAU
Arabia Saudita;;;5;;;;;;SA;SAU
Arabia Saudita;;;6;;;;;;SA;SAU
Arabia Saudita;;;7;;;;;;SA;SAU
Arabia Saudita;;;8;;;;;;SA;SAU
Arabia Saudita;;;9;;;;;;SA;SAU
Arabia Saudita;;;10;;;;;;SA;SAU
Arabia Saudita;;;11;;;;;;SA;SAU
Arabia Saudita;;;12;;;;;;SA;SAU
Arabia Saudita;;;13;;;;;;SA;SAU
Arabia Saudita;;;14;;;;;;SA;SAU
Arabia Saudita;;;15;;;;;;SA;SAU
Arabia Saudita;;;16;;;;;;SA;SAU
Arabia Saudita;;;17;;;;;;SA;SAU
Arabia Saudita;;;18;;;;;;SA;SAU
Arabia Saudita;;;19;;;;;;SA;SAU
Arabia Saudita;;;20;;;;;;SA;SAU
Arabia Saudita;;;21;;;;;;SA;SAU
Arabia Saudita;;;22;;;;;;SA;SAU
Arabia Saudita;;;23;;;;;;SA;SAU
Arabia Saudita;;;24;;;;;;SA;SAU
Arabia Saudita;;;25;;;;;;SA;SAU
Arabia Saudita;;;26;;;;;;SA;SAU
Argelia;;;1;;;;;;DZ;DZA
Argelia;;;2;;;;;;DZ;DZA
Argelia;;;3;;;;;;DZ;DZA
Argelia;;;4;;;;;;DZ;DZA
Argelia;;;5;;;;;;DZ;DZA
Argelia;;;6;;;;;;DZ;DZA
Argelia;;;7;;;;;;DZ;DZA
Argelia;;;8;;;;;;DZ;DZA
Argelia;;;9;;;;;;DZ;DZA
Argelia;;;10;;;;;;DZ;DZA
Argelia;;;11;;;;;;DZ;DZA
Argelia;;;12;;;;;;DZ;DZA
Argelia;;;13;;;;;;DZ;DZA
Argelia;;;14;;;;;;DZ;DZA
Argelia;;;15;;;;;;DZ;DZA
Argelia;;;16;;;;;;DZ;DZA
Argelia;;;17;;;;;;DZ;DZA
Argelia;;;18;;;;;;DZ;DZA
Argelia;;;19;;;;;;DZ;DZA
Argelia;;;20;;;;;;DZ;DZA
Argelia;;;21;;;;;;DZ;DZA
Argelia;;;22;;;;;;DZ;DZA
Argelia;;;23;;;;;;DZ;DZA
Argelia;;;24;;;;;;DZ;DZA
Argelia;;;25;;;;;;DZ;DZA
Argelia;;;26;;;;;;DZ;DZA
Argentina;;;1;;;;;;AR;ARG
Argentina;;;2;;;;;;AR;ARG
Argentina;;;3;;;;;;AR;ARG
Argentina;;;4;;;;;;AR;ARG
Argentina;;;5;;;;;;AR;ARG
Argentina;;;6;;;;;;AR;ARG
Argentina;;;7;;;;;;AR;ARG
Argentina;;;8;;;;;;AR;ARG
Argentina;;;9;;;;;;AR;ARG
Argentina;;;10;;;;;;AR;ARG
Argentina;;;11;;;;;;AR;ARG
Argentina;;;12;;;;;;AR;ARG
Argentina;;;13;;;;;;AR;ARG
Argentina;;;14;;;;;;AR;ARG
Argentina;;;15;;;;;;AR;ARG
Argentina;;;16;;;;;;AR;ARG
Argentina;;;17;;;;;;AR;ARG
Argentina;;;18;;;;;;AR;ARG
Argentina;;;19;;;;;;AR;ARG
Argentina;;;20;;;;;;AR;ARG
Argentina;;;21;;;;;;AR;ARG
Argentina;;;22;;;;;;AR;ARG
Argentina;;;23;;;;;;AR;ARG
Argentina;;;24;;;;;;AR;ARG
Argentina;;;25;;;;;;AR;ARG
Argentina;;;26;;;;;;AR;ARG
Australia;;;1;;;;;;AU;AUS
Australia;;;2;;;;;;AU;AUS
Australia;;;3;;;;;;AU;AUS
Australia;;;4;;;;;;AU;AUS
Australia;;;5;;;;;;AU;AUS
Australia;;;6;;;;;;AU;AUS
Australia;;;7;;;;;;AU;AUS
Australia;;;8;;;;;;AU;AUS
Australia;;;9;;;;;;AU;AUS
Australia;;;10;;;;;;AU;AUS
Australia;;;11;;;;;;AU;AUS
Australia;;;12;;;;;;AU;AUS
Australia;;;13;;;;;;AU;AUS
Australia;;;14;;;;;;AU;AUS
Australia;;;15;;;;;;AU;AUS
Australia;;;16;;;;;;AU;AUS
Australia;;;17;;;;;;AU;AUS
Australia;;;18;;;;;;AU;AUS
Australia;;;19;;;;;;AU;AUS
Australia;;;20;;;;;;AU;AUS
Australia;;;21;;;;;;AU;AUS
Australia;;;22;;;;;;AU;AUS
Australia;;;23;;;;;;AU;AUS
Australia;;;24;;;;;;AU;AUS
Australia;;;25;;;;;;AU;AUS
Australia;;;26;;;;;;AU;AUS
Austria;Alexander Schlager;;1;Portero;Red Bull Salzburg;2,50 mill. €;01/02/1996;J;AT;AUT
Austria;Patrick Pentz;;13;Portero;Bröndby IF;2,20 mill. €;02/01/1997;J;AT;AUT
Austria;Florian Wiegele;;12;Portero;FC Viktoria Plzen;1,80 mill. €;21/03/2001;J;AT;AUT
Austria;Kevin Danso;;3;Defensa;Tottenham Hotspur;20,00 mill. €;19/09/1998;J;AT;AUT
Austria;Philipp Lienhart;;15;Defensa;SC Freiburg;12,00 mill. €;11/07/1996;J;AT;AUT
Austria;Marco Friedl;;23;Defensa;SV Werder Bremen;12,00 mill. €;16/03/1998;J;AT;AUT
Austria;David Affengruber;;2;Defensa;Elche CF;9,00 mill. €;19/03/2001;J;AT;AUT
Austria;Stefan Posch;;5;Defensa;1.FSV Mainz 05;5,50 mill. €;14/05/1997;J;AT;AUT
Austria;David Alaba;;8;Defensa;Real Madrid;3,50 mill. €;24/06/1992;J;AT;AUT
Austria;Michael Svoboda;;25;Defensa;Venezia FC;3,00 mill. €;15/10/1998;J;AT;AUT
Austria;Phillipp Mwene;;16;Defensa;1.FSV Mainz 05;1,50 mill. €;29/01/1994;J;AT;AUT
Austria;Konrad Laimer;;20;Defensa;Bayern Munich;32,00 mill. €;27/05/1997;J;AT;AUT
Austria;Nicolas Seiwald;;6;Centrocampista;RB Leipzig;22,00 mill. €;04/05/2001;J;AT;AUT
Austria;Florian Grillitsch;;10;Centrocampista;SC Braga;2,00 mill. €;07/08/1995;J;AT;AUT
Austria;Carney Chukwuemeka;;17;Centrocampista;Borussia Dortmund;20,00 mill. €;20/10/2003;J;AT;AUT
Austria;Xaver Schlager;;4;Centrocampista;RB Leipzig;10,00 mill. €;28/09/1997;J;AT;AUT
Austria;Marcel Sabitzer;;9;Centrocampista;Borussia Dortmund;7,00 mill. €;17/03/1994;J;AT;AUT
Austria;Alessandro Schöpf;;26;Centrocampista;Wolfsberger AC;900 mil €;07/02/1994;J;AT;AUT
Austria;Alexander Prass;;22;Centrocampista;TSG 1899 Hoffenheim;7,00 mill. €;26/05/2001;J;AT;AUT
Austria;Christoph Baumgartner;;19;Centrocampista;RB Leipzig;30,00 mill. €;01/08/1999;J;AT;AUT
Austria;Paul Wanner;;24;Centrocampista;PSV Eindhoven;18,00 mill. €;23/12/2005;J;AT;AUT
Austria;Romano Schmid;;18;Centrocampista;SV Werder Bremen;15,00 mill. €;27/01/2000;J;AT;AUT
Austria;Patrick Wimmer ;;21;Delantero;VfL Wolfsburg;15,00 mill. €;30/05/2001;J;AT;AUT
Austria;Marko Arnautovic;;7;Delantero;Red Star Belgrade;2,50 mill. €;19/04/1989;J;AT;AUT
Austria;Sasa Kalajdzic;;14;Delantero;LASK;2,00 mill. €;07/07/1997;J;AT;AUT
Austria;Michael Gregoritsch;;11;Delantero;FC Augsburg;1,50 mill. €;18/04/1994;J;AT;AUT
Bosnia y Herzegovina;Nikola Vasilj;;1;Portero;FC St. Pauli;4,50 mill. €;02/12/1995;B;BA;BIH
Bosnia y Herzegovina;Nihad Mujakic;;2;Defensa;Gaziantep FK;1,20 mill. €;15/04/1998;B;BA;BIH
Bosnia y Herzegovina;Nidal Celik;;3;Defensa;RC Lens;4,00 mill. €;17/07/2006;B;BA;BIH
Bosnia y Herzegovina;Tarik Muharemović;;4;Defensa;US Sassuolo;20,00 mill. €;28/02/2003;B;BA;BIH
Bosnia y Herzegovina;Sead Kolasinac;;5;Defensa;Atalanta BC;6,00 mill. €;20/06/1993;B;BA;BIH
Bosnia y Herzegovina;Benjamin Tahirović;;6;Centrocampista;Brondby IF;4,50 mill. €;03/03/2003;B;BA;BIH
Bosnia y Herzegovina;Amar Dedić;;7;Defensa;SL Benfica;15,00 mill. €;18/08/2002;B;BA;BIH
Bosnia y Herzegovina;Armin Gigovic;;8;Centrocampista;Young Boys;2,50 mill. €;06/04/2002;B;BA;BIH
Bosnia y Herzegovina;Samed Bazdar;;9;Delantero;Jagiellonia Bialystok;1,50 mill. €;31/01/2004;B;BA;BIH
Bosnia y Herzegovina;Ermedin Demirovic;;10;Delantero;VfB Stuttgart;22,00 mill. €;25/03/1998;B;BA;BIH
Bosnia y Herzegovina;Edin Dzeko ;;11;Delantero;FC Schalke 04;1,50 mill. €;17/03/1986;B;BA;BIH
Bosnia y Herzegovina;Osman Hadzikic;;12;Portero;Slaven Belupo Koprivnica;400 mil €;12/03/1996;B;BA;BIH
Bosnia y Herzegovina;Ivan Basic;;13;Centrocampista;FC Astana;1,20 mill. €;30/04/2002;B;BA;BIH
Bosnia y Herzegovina;Ivan Sunjic;;14;Centrocampista;Pafos FC;1,80 mill. €;09/10/1996;B;BA;BIH
Bosnia y Herzegovina;Amar Memić;;15;Centrocampista;FC Viktoria Plzen;4,50 mill. €;20/01/2001;B;BA;BIH
Bosnia y Herzegovina;Amir Hadziahmetovic ;;16;Centrocampista;Hull City;4,20 mill. €;08/03/1997;B;BA;BIH
Bosnia y Herzegovina;Dzenis Burnic;;17;Centrocampista;Karlsruher SC;1,20 mill. €;22/05/1998;B;BA;BIH
Bosnia y Herzegovina;Nikola Katic ;;18;Defensa;FC Schalke 04;1,80 mill. €;10/10/1996;B;BA;BIH
Bosnia y Herzegovina;Kerim Alajbegovic;;19;Delantero;Red Bull Salzburg;15,00 mill. €;21/09/2007;B;BA;BIH
Bosnia y Herzegovina;Esmir Bajraktarevic;;20;Delantero;PSV Eindhoven;5,00 mill. €;10/03/2005;B;BA;BIH
Bosnia y Herzegovina;Stjepan Radeljic;;21;Defensa;HNK Rijeka;2,80 mill. €;05/09/1997;B;BA;BIH
Bosnia y Herzegovina;Martin Zlomislic;;22;Portero;HNK Rijeka;2,00 mill. €;16/08/1998;B;BA;BIH
Bosnia y Herzegovina;Haris Tabakovic;;23;Delantero;Borussia Mönchengladbach;3,00 mill. €;20/06/1994;B;BA;BIH
Bosnia y Herzegovina;Dennis Hadzikadunic;;24;Defensa;UC Sampdoria;1,30 mill. €;09/07/1998;B;BA;BIH
Bosnia y Herzegovina;Jovo Lukić;;25;Delantero;FC Universitatea Cluj;1,50 mill. €;28/11/1998;B;BA;BIH
Bosnia y Herzegovina;Ermin Mahmic;;26;Centrocampista;FC Slovan Liberec;2,50 mill. €;14/03/2005;B;BA;BIH
Brasil;Alisson ;;1;Portero;Liverpool FC;17,00 mill. €;02/10/1992;C;BR;BRA
Brasil;Ederson;;2;Portero;Fenerbahce;13,00 mill. €;17/08/1993;C;BR;BRA
Brasil;Weverton;;3;Portero;Grêmio Foot-Ball Porto Alegrense;700 mil €;13/12/1987;C;BR;BRA
Brasil;Gabriel;;4;Defensa;Arsenal FC;75,00 mill. €;19/12/1997;C;BR;BRA
Brasil;Bremer;;5;Defensa;Juventus FC;35,00 mill. €;18/03/1997;C;BR;BRA
Brasil;Marquinhos ;;6;Defensa;Paris Saint-Germain;30,00 mill. €;14/05/1994;C;BR;BRA
Brasil;Roger Ibañez;;7;Defensa;Al-Ahli SFC;17,00 mill. €;23/11/1998;C;BR;BRA
Brasil;Léo Pereira;;8;Defensa;CR Flamengo;10,00 mill. €;31/01/1996;C;BR;BRA
Brasil;Danilo;;9;Defensa;CR Flamengo;2,50 mill. €;15/07/1991;C;BR;BRA
Brasil;Douglas Santos;;10;Defensa;Zenit St. Petersburg;8,00 mill. €;22/03/1994;C;BR;BRA
Brasil;Alex Sandro;;11;Defensa;CR Flamengo;1,50 mill. €;26/01/1991;C;BR;BRA
Brasil;Wesley;;12;Defensa;AS Roma;40,00 mill. €;06/09/2003;C;BR;BRA
Brasil;Fabinho;;13;Centrocampista;Al-Ittihad Club;13,00 mill. €;23/10/1993;C;BR;BRA
Brasil;Casemiro;;14;Centrocampista;Manchester United;8,00 mill. €;23/02/1992;C;BR;BRA
Brasil;Bruno Guimarães;;15;Centrocampista;Newcastle United;75,00 mill. €;16/11/1997;C;BR;BRA
Brasil;Danilo;;16;Centrocampista;Botafogo de Futebol e Regatas;24,00 mill. €;29/04/2001;C;BR;BRA
Brasil;Lucas Paquetá;;17;Centrocampista;CR Flamengo;35,00 mill. €;27/08/1997;C;BR;BRA
Brasil;Neymar;;18;Centrocampista;Santos FC;10,00 mill. €;05/02/1992;C;BR;BRA
Brasil;Vinicius Junior;;19;Delantero;Real Madrid;150,00 mill. €;12/07/2000;C;BR;BRA
Brasil;Raphinha;;20;Delantero;FC Barcelona;80,00 mill. €;14/12/1996;C;BR;BRA
Brasil;Gabriel Martinelli;;21;Delantero;Arsenal FC;45,00 mill. €;18/06/2001;C;BR;BRA
Brasil;Rayan;;22;Delantero;AFC Bournemouth;40,00 mill. €;03/08/2006;C;BR;BRA
Brasil;Luiz Henrique;;23;Delantero;Zenit St. Petersburg;24,00 mill. €;02/01/2001;C;BR;BRA
Brasil;Matheus Cunha;;24;Delantero;Manchester United;70,00 mill. €;27/05/1999;C;BR;BRA
Brasil;Igor Thiago;;25;Delantero;Brentford FC;50,00 mill. €;26/06/2001;C;BR;BRA
Brasil;Endrick;;26;Delantero;Olympique Lyon;35,00 mill. €;21/07/2006;C;BR;BRA
Bélgica;Senne Lammens;;1;Portero;Manchester United;30,00 mill. €;07/07/2002;G;BE;BEL
Bélgica;Mike Penders;;2;Portero;RC Strasbourg Alsace;22,00 mill. €;31/07/2005;G;BE;BEL
Bélgica;Thibaut Courtois;;3;Portero;Real Madrid;18,00 mill. €;11/05/1992;G;BE;BEL
Bélgica;Zeno Debast;;4;Defensa;Sporting CP;30,00 mill. €;24/10/2003;G;BE;BEL
Bélgica;Koni De Winter;;5;Defensa;AC Milan;23,00 mill. €;12/06/2002;G;BE;BEL
Bélgica;Arthur Theate;;6;Defensa;Eintracht Frankfurt;20,00 mill. €;25/05/2000;G;BE;BEL
Bélgica;Nathan Ngoy;;7;Defensa;LOSC Lille;20,00 mill. €;10/06/2003;G;BE;BEL
Bélgica;Brandon Mechele;;8;Defensa;Club Brugge;3,00 mill. €;28/01/1993;G;BE;BEL
Bélgica;Maxim De Cuyper;;9;Defensa;Brighton & Hove Albion;22,00 mill. €;22/12/2000;G;BE;BEL
Bélgica;Joaquin Seys;;10;Defensa;Club Brugge;17,00 mill. €;28/03/2005;G;BE;BEL
Bélgica;Timothy Castagne;;11;Defensa;Fulham FC;10,00 mill. €;05/12/1995;G;BE;BEL
Bélgica;Thomas Meunier;;12;Defensa;LOSC Lille;1,80 mill. €;12/09/1991;G;BE;BEL
Bélgica;Amadou Onana ;;13;Centrocampista;Aston Villa;45,00 mill. €;16/08/2001;G;BE;BEL
Bélgica;Nicolas Raskin;;14;Centrocampista;Rangers FC;12,00 mill. €;23/02/2001;G;BE;BEL
Bélgica;Axel Witsel;;15;Centrocampista;Girona FC;1,40 mill. €;12/01/1989;G;BE;BEL
Bélgica;Youri Tielemans ;;16;Centrocampista;Aston Villa;35,00 mill. €;07/05/1997;G;BE;BEL
Bélgica;Alexis Saelemaekers;;17;Centrocampista;AC Milan;25,00 mill. €;27/06/1999;G;BE;BEL
Bélgica;Diego Moreira;;18;Centrocampista;RC Strasbourg Alsace;25,00 mill. €;06/08/2004;G;BE;BEL
Bélgica;Charles De Ketelaere;;19;Centrocampista;Atalanta BC;35,00 mill. €;10/03/2001;G;BE;BEL
Bélgica;Kevin De Bruyne ;;20;Centrocampista;SSC Napoli;10,00 mill. €;28/06/1991;G;BE;BEL
Bélgica;Hans Vanaken;;21;Centrocampista;Club Brugge;6,00 mill. €;24/08/1992;G;BE;BEL
Bélgica;Jérémy Doku;;22;Delantero;Manchester City;65,00 mill. €;27/05/2002;G;BE;BEL
Bélgica;Leandro Trossard;;23;Delantero;Arsenal FC;20,00 mill. €;04/12/1994;G;BE;BEL
Bélgica;Dodi Lukébakio;;24;Delantero;SL Benfica;20,00 mill. €;24/09/1997;G;BE;BEL
Bélgica;Matias Fernandez-Pardo;;25;Delantero;LOSC Lille;30,00 mill. €;03/02/2005;G;BE;BEL
Bélgica;Romelu Lukaku ;;26;Delantero;SSC Napoli;12,00 mill. €;13/05/1993;G;BE;BEL
Cabo Verde;CJ dos Santos;;1;Portero;San Diego FC;1,20 mill. €;24/08/2000;H;CV;CPV
Cabo Verde;Márcio Rosa;;2;Portero;Montana;300 mil €;23/02/1997;H;CV;CPV
Cabo Verde;Vozinha;;3;Portero;GD Chaves;50 mil €;03/06/1986;H;CV;CPV
Cabo Verde;Logan Costa;;4;Defensa;Villarreal CF;18,00 mill. €;01/04/2001;H;CV;CPV
Cabo Verde;Diney Borges;;5;Defensa;Al-Bataeh CSC;1,00 mill. €;17/01/1995;H;CV;CPV
Cabo Verde;Kelvin Pires;;6;Defensa;SJK Seinäjoki;300 mil €;05/06/2000;H;CV;CPV
Cabo Verde;Roberto Lopes;;7;Defensa;Shamrock Rovers;250 mil €;17/06/1992;H;CV;CPV
Cabo Verde;Stopira;;8;Defensa;SC União Torreense;50 mil €;20/05/1988;H;CV;CPV
Cabo Verde;Wagner Pina;;9;Defensa;Trabzonspor;8,00 mill. €;03/11/2002;H;CV;CPV
Cabo Verde;Sidny Lopes Cabral;;10;Defensa;SL Benfica;5,00 mill. €;18/09/2002;H;CV;CPV
Cabo Verde;Steven Moreira;;11;Defensa;Columbus Crew;1,50 mill. €;13/08/1994;H;CV;CPV
Cabo Verde;Kevin Lenini;;12;Centrocampista;FC Krasnodar;4,50 mill. €;27/01/1997;H;CV;CPV
Cabo Verde;Laros Duarte;;13;Centrocampista;Puskás Akadémia FC;1,00 mill. €;28/02/1997;H;CV;CPV
Cabo Verde;João Paulo;;14;Centrocampista;FCSB;700 mil €;26/05/1998;H;CV;CPV
Cabo Verde;Deroy Duarte;;15;Centrocampista;Ludogorets Razgrad;1,80 mill. €;04/07/1999;H;CV;CPV
Cabo Verde;Jamiro Monteiro;;16;Centrocampista;PEC Zwolle;750 mil €;23/11/1993;H;CV;CPV
Cabo Verde;Yannick Semedo;;17;Centrocampista;SC Farense;300 mil €;29/12/1995;H;CV;CPV
Cabo Verde;Hélio Varela;;18;Delantero;Maccabi Tel Aviv;1,20 mill. €;03/05/2002;H;CV;CPV
Cabo Verde;Willy Semedo;;19;Delantero;Omonia Nicosia;1,00 mill. €;27/04/1994;H;CV;CPV
Cabo Verde;Jovane Cabral;;20;Delantero;CF Estrela Amadora;800 mil €;14/06/1998;H;CV;CPV
Cabo Verde;Ryan Mendes;;21;Delantero;Igdir FK;200 mil €;08/01/1990;H;CV;CPV
Cabo Verde;Telmo Arcanjo;;22;Delantero;Vitória Guimarães SC;3,00 mill. €;21/06/2001;H;CV;CPV
Cabo Verde;Garry Rodrigues;;23;Delantero;Apollon Limassol;325 mil €;27/11/1990;H;CV;CPV
Cabo Verde;Benchimol;;24;Delantero;Akron Tolyatti;900 mil €;29/12/2001;H;CV;CPV
Cabo Verde;Dailon Livramento;;25;Delantero;Casa Pia AC;800 mil €;04/05/2001;H;CV;CPV
Cabo Verde;Nuno Da Costa;;26;Delantero;Basaksehir FK;500 mil €;10/02/1991;H;CV;CPV
Canadá;;;1;;;;;;CA;CAN
Canadá;;;2;;;;;;CA;CAN
Canadá;;;3;;;;;;CA;CAN
Canadá;;;4;;;;;;CA;CAN
Canadá;;;5;;;;;;CA;CAN
Canadá;;;6;;;;;;CA;CAN
Canadá;;;7;;;;;;CA;CAN
Canadá;;;8;;;;;;CA;CAN
Canadá;;;9;;;;;;CA;CAN
Canadá;;;10;;;;;;CA;CAN
Canadá;;;11;;;;;;CA;CAN
Canadá;;;12;;;;;;CA;CAN
Canadá;;;13;;;;;;CA;CAN
Canadá;;;14;;;;;;CA;CAN
Canadá;;;15;;;;;;CA;CAN
Canadá;;;16;;;;;;CA;CAN
Canadá;;;17;;;;;;CA;CAN
Canadá;;;18;;;;;;CA;CAN
Canadá;;;19;;;;;;CA;CAN
Canadá;;;20;;;;;;CA;CAN
Canadá;;;21;;;;;;CA;CAN
Canadá;;;22;;;;;;CA;CAN
Canadá;;;23;;;;;;CA;CAN
Canadá;;;24;;;;;;CA;CAN
Canadá;;;25;;;;;;CA;CAN
Canadá;;;26;;;;;;CA;CAN
Qatar;;;1;;;;;;QA;QAT
Qatar;;;2;;;;;;QA;QAT
Qatar;;;3;;;;;;QA;QAT
Qatar;;;4;;;;;;QA;QAT
Qatar;;;5;;;;;;QA;QAT
Qatar;;;6;;;;;;QA;QAT
Qatar;;;7;;;;;;QA;QAT
Qatar;;;8;;;;;;QA;QAT
Qatar;;;9;;;;;;QA;QAT
Qatar;;;10;;;;;;QA;QAT
Qatar;;;11;;;;;;QA;QAT
Qatar;;;12;;;;;;QA;QAT
Qatar;;;13;;;;;;QA;QAT
Qatar;;;14;;;;;;QA;QAT
Qatar;;;15;;;;;;QA;QAT
Qatar;;;16;;;;;;QA;QAT
Qatar;;;17;;;;;;QA;QAT
Qatar;;;18;;;;;;QA;QAT
Qatar;;;19;;;;;;QA;QAT
Qatar;;;20;;;;;;QA;QAT
Qatar;;;21;;;;;;QA;QAT
Qatar;;;22;;;;;;QA;QAT
Qatar;;;23;;;;;;QA;QAT
Qatar;;;24;;;;;;QA;QAT
Qatar;;;25;;;;;;QA;QAT
Qatar;;;26;;;;;;QA;QAT
Colombia;;;1;;;;;;CO;COL
Colombia;;;2;;;;;;CO;COL
Colombia;;;3;;;;;;CO;COL
Colombia;;;4;;;;;;CO;COL
Colombia;;;5;;;;;;CO;COL
Colombia;;;6;;;;;;CO;COL
Colombia;;;7;;;;;;CO;COL
Colombia;;;8;;;;;;CO;COL
Colombia;;;9;;;;;;CO;COL
Colombia;;;10;;;;;;CO;COL
Colombia;;;11;;;;;;CO;COL
Colombia;;;12;;;;;;CO;COL
Colombia;;;13;;;;;;CO;COL
Colombia;;;14;;;;;;CO;COL
Colombia;;;15;;;;;;CO;COL
Colombia;;;16;;;;;;CO;COL
Colombia;;;17;;;;;;CO;COL
Colombia;;;18;;;;;;CO;COL
Colombia;;;19;;;;;;CO;COL
Colombia;;;20;;;;;;CO;COL
Colombia;;;21;;;;;;CO;COL
Colombia;;;22;;;;;;CO;COL
Colombia;;;23;;;;;;CO;COL
Colombia;;;24;;;;;;CO;COL
Colombia;;;25;;;;;;CO;COL
Colombia;;;26;;;;;;CO;COL
Corea del Sur;Bum-keun Song;;12;Portero;Jeonbuk Hyundai Motors;1,00 mill. €;15/10/1997;A;KR;KOR
Corea del Sur;Hyeon-woo Jo;;21;Portero;Ulsan HD FC;700 mil €;25/09/1991;A;KR;KOR
Corea del Sur;Seung-gyu Kim;;1;Portero;FC Tokyo;600 mil €;30/09/1990;A;KR;KOR
Corea del Sur;Min-jae Kim;;4;Defensa;Bayern München;25,00 mill. €;15/11/1996;A;KR;KOR
Corea del Sur;Yu-min Cho;;-;Defensa;Sharjah FC;1,80 mill. €;17/11/1996;A;KR;KOR
Corea del Sur;Han-beom Lee;;3;Defensa;FC Midtjylland;1,80 mill. €;17/06/2002;A;KR;KOR
Corea del Sur;Ju-sung Kim;;14;Defensa;Sanfrecce Hiroshima;700 mil €;12/12/2000;A;KR;KOR
Corea del Sur;Tae-hyeon Kim;;26;Defensa;Kashima Antlers;600 mil €;17/09/2000;A;KR;KOR
Corea del Sur;Tae-seok Lee;;13;Defensa;Austria Vienna;1,50 mill. €;28/07/2002;A;KR;KOR
Corea del Sur;Young-woo Seol;;22;Defensa;Red Star Belgrade;5,00 mill. €;05/12/1998;A;KR;KOR
Corea del Sur;Moon-hwan Kim;;15;Defensa;Daejeon Hana Citizen;800 mil €;01/08/1995;A;KR;KOR
Corea del Sur;In-beom Hwang ;;-;Defensa;Feyenoord Rotterdam;8,00 mill. €;20/09/1996;A;KR;KOR
Corea del Sur;Hyeok-kyu Kwon;;-;Centrocampista;Karlsruher SC;1,00 mill. €;13/03/2001;A;KR;KOR
Corea del Sur;Jin-seob Park;;16;Centrocampista;Zhejiang FC;6,00 mill. €;23/10/1995;A;KR;KOR
Corea del Sur;Seung-ho Paik;;8;Centrocampista;Birmingham City;2,50 mill. €;17/03/1997;A;KR;KOR
Corea del Sur;Jin-gyu Kim;;24;Centrocampista;Jeonbuk Hyundai Motors;1,20 mill. €;24/02/1997;A;KR;KOR
Corea del Sur;Kang-in Lee;;18;Centrocampista;Paris Saint-Germain;28,00 mill. €;19/02/2001;A;KR;KOR
Corea del Sur;Hyun-seok Hong;;16;Centrocampista;KAA Gent;3,00 mill. €;16/06/1999;A;KR;KOR
Corea del Sur;Jun-ho Bae;;17;Centrocampista;Stoke City;2,00 mill. €;21/08/2003;A;KR;KOR
Corea del Sur;Jae-sung Lee;;10;Centrocampista;1.FSV Mainz 05;1,60 mill. €;10/08/1992;A;KR;KOR
Corea del Sur;Heung-min Son ;;7;Delantero;Los Angeles FC;17,00 mill. €;08/07/1992;A;KR;KOR
Corea del Sur;Ji-sung Eom;;20;Delantero;Swansea City;1,40 mill. €;09/05/2002;A;KR;KOR
Corea del Sur;Hyun-jun Yang;;-;Delantero;Celtic FC;3,00 mill. €;25/05/2002;A;KR;KOR
Corea del Sur;Hyeon-gyu Oh;;19;Delantero;Besiktas JK;15,00 mill. €;12/04/2001;A;KR;KOR
Corea del Sur;Hee-chan Hwang;;11;Delantero;Wolverhampton Wanderers;8,00 mill. €;26/01/1996;A;KR;KOR
Corea del Sur;Gue-sung Cho;;-;Delantero;FC Midtjylland;3,00 mill. €;25/01/1998;A;KR;KOR
Costa de Marfil;Yahia Fofana;;1;Portero;Caykur Rizespor;5,00 mill. €;21/08/2000;E;CI;CIV
Costa de Marfil;Alban Lafont;;2;Portero;Panathinaikos;3,00 mill. €;23/01/1999;E;CI;CIV
Costa de Marfil;Mohamed Koné;;3;Portero;Royal Charleroi SC;800 mil €;07/03/2002;E;CI;CIV
Costa de Marfil;Ousmane Diomande;;4;Defensa;Sporting CP;45,00 mill. €;04/12/2003;E;CI;CIV
Costa de Marfil;Evan Ndicka;;5;Defensa;AS Roma;35,00 mill. €;20/08/1999;E;CI;CIV
Costa de Marfil;Wilfried Singo;;6;Defensa;Galatasaray;25,00 mill. €;25/12/2000;E;CI;CIV
Costa de Marfil;Odilon Kossounou;;7;Defensa;Atalanta BC;18,00 mill. €;04/01/2001;E;CI;CIV
Costa de Marfil;Emmanuel Agbadou;;8;Defensa;Besiktas JK;18,00 mill. €;17/06/1997;E;CI;CIV
Costa de Marfil;Clément Akpa;;9;Defensa;AJ Auxerre;9,00 mill. €;24/11/2001;E;CI;CIV
Costa de Marfil;Ghislain Konan;;10;Defensa;Gil Vicente FC;3,00 mill. €;27/12/1995;E;CI;CIV
Costa de Marfil;Guéla Doué;;11;Defensa;RC Strasbourg Alsace;18,00 mill. €;17/10/2002;E;CI;CIV
Costa de Marfil;Ibrahim Sangaré;;12;Centrocampista;Nottingham Forest;22,00 mill. €;02/12/1997;E;CI;CIV
Costa de Marfil;Jean Michaël Seri;;13;Centrocampista;NK Maribor;100 mil €;19/07/1991;E;CI;CIV
Costa de Marfil;Christ Inao Oulaï;;14;Centrocampista;Trabzonspor;17,00 mill. €;06/04/2006;E;CI;CIV
Costa de Marfil;Franck Kessié;;15;Centrocampista;Al-Ahli SFC;12,00 mill. €;19/12/1996;E;CI;CIV
Costa de Marfil;Seko Fofana;;16;Centrocampista;FC Porto;8,00 mill. €;07/05/1995;E;CI;CIV
Costa de Marfil;Yan Diomande;;17;Delantero;RB Leipzig;75,00 mill. €;14/11/2006;E;CI;CIV
Costa de Marfil;Bazoumana Touré;;18;Delantero;TSG 1899 Hoffenheim;35,00 mill. €;02/03/2006;E;CI;CIV
Costa de Marfil;Simon Adingra;;19;Delantero;AS Monaco;25,00 mill. €;01/01/2002;E;CI;CIV
Costa de Marfil;Parfait Guiagon;;20;Delantero;Royal Charleroi SC;5,00 mill. €;22/02/2001;E;CI;CIV
Costa de Marfil;Amad Diallo;;21;Delantero;Manchester United;50,00 mill. €;11/07/2002;E;CI;CIV
Costa de Marfil;Evann Guessand ;;22;Delantero;Crystal Palace;28,00 mill. €;01/07/2001;E;CI;CIV
Costa de Marfil;Nicolas Pépé;;23;Delantero;Villarreal CF;6,00 mill. €;29/05/1995;E;CI;CIV
Costa de Marfil;Ange-Yoan Bonny;;24;Delantero;Inter Milan;35,00 mill. €;25/10/2003;E;CI;CIV
Costa de Marfil;Elye Wahi;;25;Delantero;OGC Nice;12,00 mill. €;02/01/2003;E;CI;CIV
Costa de Marfil;Oumar Diakité;;26;Delantero;Cercle Brugge;5,00 mill. €;20/12/2003;E;CI;CIV
Croacia;Dominik Kotarski;;-;Portero;FC Copenhagen;6,00 mill. €;10/02/2000;L;HR;HRV
Croacia;Dominik Livakovic;;1;Portero;GNK Dinamo Zagreb;4,00 mill. €;09/01/1995;L;HR;HRV
Croacia;Ivor Pandur;;12;Portero;Hull City;3,50 mill. €;25/03/2000;L;HR;HRV
Croacia;Josko Gvardiol;;-;Defensa;Manchester City;70,00 mill. €;23/01/2002;L;HR;HRV
Croacia;Luka Vuskovic;;22;Defensa;Hamburger SV;60,00 mill. €;24/02/2007;L;HR;HRV
Croacia;Josip Sutalo;;6;Defensa;Ajax Amsterdam;15,00 mill. €;28/02/2000;L;HR;HRV
Croacia;Marin Pongracic;;3;Defensa;ACF Fiorentina;7,50 mill. €;11/09/1997;L;HR;HRV
Croacia;Martin Erlić;;25;Defensa;FC Midtjylland;4,00 mill. €;24/01/1998;L;HR;HRV
Croacia;Duje Caleta-Car;;5;Defensa;Real Sociedad;3,00 mill. €;17/09/1996;L;HR;HRV
Croacia;Josip Stanisic;;2;Defensa;Bayern Munich;35,00 mill. €;02/04/2000;L;HR;HRV
Croacia;Nikola Moro;;8;Centrocampista;Bologna FC 1909;6,50 mill. €;12/03/1998;L;HR;HRV
Croacia;Kristijan Jakic;;18;Centrocampista;FC Augsburg;6,00 mill. €;14/05/1997;L;HR;HRV
Croacia;Petar Sučić;;17;Centrocampista;Inter Milan;30,00 mill. €;25/10/2003;L;HR;HRV
Croacia;Mateo Kovacic;;-;Centrocampista;Manchester City;12,00 mill. €;06/05/1994;L;HR;HRV
Croacia;Luka Sucic;;21;Centrocampista;Real Sociedad;10,00 mill. €;08/09/2002;L;HR;HRV
Croacia;Mario Pašalić;;15;Centrocampista;Atalanta BC;7,00 mill. €;09/02/1995;L;HR;HRV
Croacia;Luka Modrić ;;10;Centrocampista;AC Milan;4,00 mill. €;09/09/1985;L;HR;HRV
Croacia;Martin Baturina;;16;Centrocampista;Como 1907;24,00 mill. €;16/02/2003;L;HR;HRV
Croacia;Nikola Vlašić;;13;Centrocampista;Torino FC;9,00 mill. €;04/10/1997;L;HR;HRV
Croacia;Toni Fruk;;19;Centrocampista;HNK Rijeka;9,00 mill. €;09/03/2001;L;HR;HRV
Croacia;Andrej Kramaric;;9;Centrocampista;TSG 1899 Hoffenheim;3,00 mill. €;19/06/1991;L;HR;HRV
Croacia;Ivan Perišić;;14;Delantero;PSV Eindhoven;1,30 mill. €;02/02/1989;L;HR;HRV
Croacia;Marco Pašalić;;24;Delantero;Orlando City SC;6,50 mill. €;14/09/2000;L;HR;HRV
Croacia;Igor Matanovic;;20;Delantero;SC Freiburg;10,00 mill. €;31/03/2003;L;HR;HRV
Croacia;Petar Musa;;26;Delantero;FC Dallas;8,00 mill. €;04/03/1998;L;HR;HRV
Croacia;Ante Budimir;;11;Delantero;CA Osasuna;3,00 mill. €;22/07/1991;L;HR;HRV
Curazao;Eloy Room;;1;Portero;Miami FC;150 mil €  ;06/02/1989;E;CW;CWU
Curazao;Trevor Doornbusch;;2;Portero;VVV-Venlo;50 mil €;06/07/1999;E;CW;CWU
Curazao;Tyrick Bodak;;3;Portero;SC Telstar;25 mil €;15/05/2002;E;CW;CWU
Curazao;Armando Obispo;;4;Defensa;PSV Eindhoven;4,00 mill. €;05/03/1999;E;CW;CWU
Curazao;Riechedly Bazoer;;5;Defensa;Konyaspor;2,20 mill. €;12/10/1996;E;CW;CWU
Curazao;Deveron Fonville;;6;Defensa;NEC Nijmegen;1,00 mill. €;16/05/2003;E;CW;CWU
Curazao;Juriën Gaari;;7;Defensa;Abha Club;400 mil €;23/12/1993;E;CW;CWU
Curazao;Roshon van Eijma;;8;Defensa;RKC Waalwijk;375 mil €;09/06/1998;E;CW;CWU
Curazao;Sherel Floranus;;9;Defensa;PEC Zwolle;800 mil €;23/08/1998;E;CW;CWU
Curazao;Shurandy Sambo;;10;Defensa;Sparta Rotterdam;1,50 mill. €;19/08/2001;E;CW;CWU
Curazao;Joshua Brenet;;11;Defensa;Kayserispor;1,20 mill. €;20/03/1994;E;CW;CWU
Curazao;Livano Comenencia ;;12;Defensa;FC Zürich;700 mil €;03/02/2004;E;CW;CWU
Curazao;Godfried Roemeratoe;;13;Centrocampista;RKC Waalwijk;400 mil €;19/08/1999;E;CW;CWU
Curazao;Kevin Felida;;14;Centrocampista;FC Den Bosch;350 mil €;11/11/1999;E;CW;CWU
Curazao;Juninho Bacuna;;15;Centrocampista;FC Volendam;2,20 mill. €;07/08/1997;E;CW;CWU
Curazao;Leandro Bacuna ;;16;Centrocampista;Igdir FK;250 mil €;21/08/1991;E;CW;CWU
Curazao;Tyrese Noslin;;17;Centrocampista;SC Telstar;750 mil €;11/09/2002;E;CW;CWU
Curazao;Tahith Chong;;18;Centrocampista;Sheffield United;4,50 mill. €;04/12/1999;E;CW;CWU
Curazao;Jearl Margaritha;;19;Delantero;SK Beveren;1,00 mill. €  ;10/04/2000;E;CW;CWU
Curazao;Jeremy Antonisse;;20;Delantero;AE Kifisia;800 mil €;29/03/2002;E;CW;CWU
Curazao;Kenji Gorré ;;21;Delantero;Maccabi Haifa;650 mil €;29/09/1994;E;CW;CWU
Curazao;Sontje Hansen;;22;Delantero;Middlesbrough FC;4,00 mill. €;18/05/2002;E;CW;CWU
Curazao;Ar'jany Martha;;23;Delantero;Rotherham United;700 mil €  ;04/09/2003;E;CW;CWU
Curazao;Brandley Kuwas;;24;Delantero;FC Volendam;300 mil €;19/09/1992;E;CW;CWU
Curazao;Jürgen Locadia;;25;Delantero;Miami FC;200 mil €  ;07/11/1993;E;CW;CWU
Curazao;Gervane Kastaneer;;26;Delantero;Terengganu FC;175 mil €;09/06/1996;E;CW;CWU
Ecuador;;;1;;;;;;EC;ECU
Ecuador;;;2;;;;;;EC;ECU
Ecuador;;;3;;;;;;EC;ECU
Ecuador;;;4;;;;;;EC;ECU
Ecuador;;;5;;;;;;EC;ECU
Ecuador;;;6;;;;;;EC;ECU
Ecuador;;;7;;;;;;EC;ECU
Ecuador;;;8;;;;;;EC;ECU
Ecuador;;;9;;;;;;EC;ECU
Ecuador;;;10;;;;;;EC;ECU
Ecuador;;;11;;;;;;EC;ECU
Ecuador;;;12;;;;;;EC;ECU
Ecuador;;;13;;;;;;EC;ECU
Ecuador;;;14;;;;;;EC;ECU
Ecuador;;;15;;;;;;EC;ECU
Ecuador;;;16;;;;;;EC;ECU
Ecuador;;;17;;;;;;EC;ECU
Ecuador;;;18;;;;;;EC;ECU
Ecuador;;;19;;;;;;EC;ECU
Ecuador;;;20;;;;;;EC;ECU
Ecuador;;;21;;;;;;EC;ECU
Ecuador;;;22;;;;;;EC;ECU
Ecuador;;;23;;;;;;EC;ECU
Ecuador;;;24;;;;;;EC;ECU
Ecuador;;;25;;;;;;EC;ECU
Ecuador;;;26;;;;;;EC;ECU
Egipto;Oufa Shobeir;;1;Portero;Al Ahly FC;1,20 mill. €  ;17/03/2000 (26);G;EG;EGY
Egipto;Mohamed Alaa;;2;Portero;El Gouna FC;1,20 mill. €  ;01/09/1999 (26);G;EG;EGY
Egipto;Mohamed El Shenawy;;3;Portero;Al Ahly FC;500 mil €  ;18/12/1988 (37);G;EG;EGY
Egipto;Mohamed Abdelmonem;;4;Defensa;OGC Nice;3,00 mill. €;01/02/1999 (27);G;EG;EGY
Egipto;Hossam Abdelmaguid;;5;Defensa;Zamalek SC;2,00 mill. €  ;30/04/2001 (25);G;EG;EGY
Egipto;Ramy Rabia;;6;Defensa;Al-Ain FC;700 mil €;20/05/1993 (33);G;EG;EGY
Egipto;Yasser Ibrahim;;7;Defensa;Al Ahly FC;275 mil €  ;10/02/1993 (33);G;EG;EGY
Egipto;Ahmed Fatouh;;8;Defensa;Zamalek SC;1,00 mill. €  ;22/03/1998 (28);G;EG;EGY
Egipto;Karim Hafez;;9;Defensa;Pyramids FC;700 mil €  ;12/03/1996 (30);G;EG;EGY
Egipto;Mohamed Hany;;10;Defensa;Al Ahly FC;1,50 mill. €  ;25/01/1996 (30);G;EG;EGY
Egipto;Tarek Alaa;;11;Defensa;Zed FC;250 mil €  ;05/01/2002 (24);G;EG;EGY
Egipto;Marwan Ateya;;12;Centrocampista;Al Ahly FC;4,00 mill. €  ;12/08/1998 (27);G;EG;EGY
Egipto;Mohanad Lasheen;;13;Centrocampista;Pyramids FC;3,00 mill. €  ;29/05/1996 (29);G;EG;EGY
Egipto;Hamdy Fathy;;14;Centrocampista;Al-Wakrah SC;1,80 mill. €  ;29/09/1994 (31);G;EG;EGY
Egipto;Nabil Dunga;;15;Centrocampista;Al-Najma SC;1,20 mill. €;06/04/1996 (30);G;EG;EGY
Egipto;Emam Ashour;;16;Centrocampista;Al Ahly FC;4,00 mill. €  ;20/02/1998 (28);G;EG;EGY
Egipto;Mahmoud Saber;;17;Centrocampista;Zed FC;1,50 mill. €  ;30/07/2001 (24);G;EG;EGY
Egipto;Trezeguet;;18;Delantero;Al Ahly FC;4,50 mill. €  ;01/10/1994 (31);G;EG;EGY
Egipto;Ibrahim Adel;;19;Delantero;FC Nordsjaelland;3,20 mill. €;23/04/2001 (25);G;EG;EGY
Egipto;Mostafa Ziko;;20;Delantero;Pyramids FC;1,80 mill. €  ;27/04/1997 (29);G;EG;EGY
Egipto;Mohamed Salah;;21;Delantero;Liverpool FC;30,00 mill. €;15/06/1992 (33);G;EG;EGY
Egipto;Haissem Hassan;;22;Delantero;Real Oviedo;4,00 mill. €;08/02/2002 (24);G;EG;EGY
Egipto;Zizo;;23;Delantero;Al Ahly FC;3,50 mill. €  ;10/01/1996 (30);G;EG;EGY
Egipto;Omar Marmoush;;24;Delantero;Manchester City;60,00 mill. €;07/02/1999 (27);G;EG;EGY
Egipto;Hamza Abdelkarim;;25;Delantero;FC Barcelona U19;1,00 mill. €;01/01/2008 (18);G;EG;EGY
Egipto;Aqtay Abdallah;;26;Delantero;Enppi SC;250 mil € ;01/06/2003 (22);G;EG;EGY
Escocia;Angus Gunn;;-;Portero;Nottingham Forest;1,50 mill. €;22/01/1996;C;GB;GBR
Escocia;Liam Kelly;;12;Portero;Rangers FC;800 mil €;23/01/1996;C;GB;GBR
Escocia;Craig Gordon;;-;Portero;Heart of Midlothian FC;50 mil €;31/12/1982;C;GB;GBR
Escocia;Scott McKenna;;16;Defensa;GNK Dinamo Zagreb;4,00 mill. €;12/11/1996;C;GB;GBR
Escocia;John Souttar;;15;Defensa;Rangers FC;3,00 mill. €;25/09/1996;C;GB;GBR
Escocia;Dominic Hyam;;-;Defensa;Wrexham AFC;2,50 mill. €;20/12/1995;C;GB;GBR
Escocia;Jack Hendry;;13;Defensa;Al-Ettifaq FC;2,50 mill. €;07/05/1995;C;GB;GBR
Escocia;Grant Hanley;;5;Defensa;Hibernian FC;350 mil €;20/11/1991;C;GB;GBR
Escocia;Andrew Robertson ;;3;Defensa;Liverpool FC;10,00 mill. €;11/03/1994;C;GB;GBR
Escocia;Kieran Tierney;;6;Defensa;Celtic FC;8,00 mill. €;05/06/1997;C;GB;GBR
Escocia;Aaron Hickey;;-;Defensa;Brentford FC;16,00 mill. €;10/06/2002;C;GB;GBR
Escocia;Nathan Patterson;;-;Defensa;Everton FC;10,00 mill. €;16/10/2001;C;GB;GBR
Escocia;Anthony Ralston;;2;Defensa;Celtic FC;1,50 mill. €;16/11/1998;C;GB;GBR
Escocia;Billy Gilmour;;8;Centrocampista;SSC Napoli;20,00 mill. €;11/06/2001;C;GB;GBR
Escocia;Scott McTominay;;4;Centrocampista;SSC Napoli;45,00 mill. €;08/12/1996;C;GB;GBR
Escocia;Lewis Ferguson;;19;Centrocampista;Bologna FC 1909;18,00 mill. €;24/08/1999;C;GB;GBR
Escocia;John McGinn;;7;Centrocampista;Aston Villa;15,00 mill. €;18/10/1994;C;GB;GBR
Escocia;Ryan Christie;;11;Centrocampista;AFC Bournemouth;9,00 mill. €;22/02/1995;C;GB;GBR
Escocia;Kenny McLean;;23;Centrocampista;Norwich City;500 mil €;08/01/1992;C;GB;GBR
Escocia;Findlay Curtis;;-;Delantero;Kilmarnock FC;900 mil €;01/10/2006;C;GB;GBR
Escocia;Ben Gannon-Doak;;-;Delantero;AFC Bournemouth;16,00 mill. €;11/11/2005;C;GB;GBR
Escocia;Ché Adams;;10;Delantero;Torino FC;8,50 mill. €;13/07/1996;C;GB;GBR
Escocia;George Hirst;;18;Delantero;Ipswich Town;8,00 mill. €;15/02/1999;C;GB;GBR
Escocia;Lawrence Shankland;;-;Delantero;Heart of Midlothian FC;2,80 mill. €;10/08/1995;C;GB;GBR
Escocia;Ross Stewart;;-;Delantero;Southampton FC;2,80 mill. €;11/07/1996;C;GB;GBR
Escocia;Lyndon Dykes;;9;Delantero;Charlton Athletic;1,00 mill. €;07/10/1995;C;GB;GBR
España;;;1;;;;;;ES;ESP
España;;;2;;;;;;ES;ESP
España;;;3;;;;;;ES;ESP
España;;;4;;;;;;ES;ESP
España;;;5;;;;;;ES;ESP
España;;;6;;;;;;ES;ESP
España;;;7;;;;;;ES;ESP
España;;;8;;;;;;ES;ESP
España;;;9;;;;;;ES;ESP
España;;;10;;;;;;ES;ESP
España;;;11;;;;;;ES;ESP
España;;;12;;;;;;ES;ESP
España;;;13;;;;;;ES;ESP
España;;;14;;;;;;ES;ESP
España;;;15;;;;;;ES;ESP
España;;;16;;;;;;ES;ESP
España;;;17;;;;;;ES;ESP
España;;;18;;;;;;ES;ESP
España;;;19;;;;;;ES;ESP
España;;;20;;;;;;ES;ESP
España;;;21;;;;;;ES;ESP
España;;;22;;;;;;ES;ESP
España;;;23;;;;;;ES;ESP
España;;;24;;;;;;ES;ESP
España;;;25;;;;;;ES;ESP
España;;;26;;;;;;ES;ESP
Estados Unidos;;;1;;;;;;US;USA
Estados Unidos;;;2;;;;;;US;USA
Estados Unidos;;;3;;;;;;US;USA
Estados Unidos;;;4;;;;;;US;USA
Estados Unidos;;;5;;;;;;US;USA
Estados Unidos;;;6;;;;;;US;USA
Estados Unidos;;;7;;;;;;US;USA
Estados Unidos;;;8;;;;;;US;USA
Estados Unidos;;;9;;;;;;US;USA
Estados Unidos;;;10;;;;;;US;USA
Estados Unidos;;;11;;;;;;US;USA
Estados Unidos;;;12;;;;;;US;USA
Estados Unidos;;;13;;;;;;US;USA
Estados Unidos;;;14;;;;;;US;USA
Estados Unidos;;;15;;;;;;US;USA
Estados Unidos;;;16;;;;;;US;USA
Estados Unidos;;;17;;;;;;US;USA
Estados Unidos;;;18;;;;;;US;USA
Estados Unidos;;;19;;;;;;US;USA
Estados Unidos;;;20;;;;;;US;USA
Estados Unidos;;;21;;;;;;US;USA
Estados Unidos;;;22;;;;;;US;USA
Estados Unidos;;;23;;;;;;US;USA
Estados Unidos;;;24;;;;;;US;USA
Estados Unidos;;;25;;;;;;US;USA
Estados Unidos;;;26;;;;;;US;USA
Francia;Mike Maignan;;1;Portero;AC Milan;25,00 mill. €;03/07/1995;I;FR;FRA
Francia;Robin Risser;;2;Portero;RC Lens;25,00 mill. €;02/12/2004;I;FR;FRA
Francia;Brice Samba;;3;Portero;Stade Rennais FC;8,00 mill. €;25/04/1994;I;FR;FRA
Francia;William Saliba;;4;Defensa;Arsenal FC;90,00 mill. €;24/03/2001;I;FR;FRA
Francia;Dayot Upamecano;;5;Defensa;Bayern München;70,00 mill. €;27/10/1998;I;FR;FRA
Francia;Ibrahima Konaté;;6;Defensa;Liverpool FC;50,00 mill. €;25/05/1999;I;FR;FRA
Francia;Maxence Lacroix;;7;Defensa;Crystal Palace;40,00 mill. €;06/04/2000;I;FR;FRA
Francia;Theo Hernández;;8;Defensa;Al-Hilal SFC;28,00 mill. €;06/10/1997;I;FR;FRA
Francia;Lucas Hernández;;9;Defensa;Paris Saint-Germain;20,00 mill. €;14/02/1996;I;FR;FRA
Francia;Lucas Digne;;10;Defensa;Aston Villa;8,00 mill. €;20/07/1993;I;FR;FRA
Francia;Jules Koundé;;11;Defensa;FC Barcelona;65,00 mill. €;12/11/1998;I;FR;FRA
Francia;Malo Gusto;;12;Defensa;Chelsea FC;35,00 mill. €;19/05/2003;I;FR;FRA
Francia;Aurélien Tchouaméni;;13;Centrocampista;Real Madrid;75,00 mill. €;27/01/2000;I;FR;FRA
Francia;N'Golo Kanté;;14;Centrocampista;Fenerbahce;4,50 mill. €;29/03/1991;I;FR;FRA
Francia;Warren Zaïre-Emery ;;15;Centrocampista;Paris Saint-Germain;60,00 mill. €;08/03/2006;I;FR;FRA
Francia;Manu Koné;;16;Centrocampista;AS Roma;50,00 mill. €;17/05/2001;I;FR;FRA
Francia;Adrien Rabiot;;17;Centrocampista;AC Milan;20,00 mill. €;03/04/1995;I;FR;FRA
Francia;Rayan Cherki;;18;Delantero;Manchester City;65,00 mill. €;17/08/2003;I;FR;FRA
Francia;Bradley Barcola;;19;Delantero;Paris Saint-Germain;70,00 mill. €;02/09/2002;I;FR;FRA
Francia;Michael Olise;;20;Delantero;Bayern München;140,00 mill. €;12/12/2001;I;FR;FRA
Francia;Désiré Doué;;21;Delantero;Paris Saint-Germain;90,00 mill. €;03/06/2005;I;FR;FRA
Francia;Maghnes Akliouche;;22;Delantero;AS Monaco;50,00 mill. €;25/02/2002;I;FR;FRA
Francia;Kylian Mbappé  ;;23;Delantero;Real Madrid;200,00 mill. €;20/12/1998;I;FR;FRA
Francia;Ousmane Dembélé;;24;Delantero;Paris Saint-Germain;100,00 mill. €;15/05/1997;I;FR;FRA
Francia;Marcus Thuram;;25;Delantero;Inter Milan;50,00 mill. €;06/08/1997;I;FR;FRA
Francia;Jean-Philippe Mateta;;26;Delantero;Crystal Palace;35,00 mill. €;28/06/1997;I;FR;FRA
Ghana;;;1;;;;;;GH;GHA
Ghana;;;2;;;;;;GH;GHA
Ghana;;;3;;;;;;GH;GHA
Ghana;;;4;;;;;;GH;GHA
Ghana;;;5;;;;;;GH;GHA
Ghana;;;6;;;;;;GH;GHA
Ghana;;;7;;;;;;GH;GHA
Ghana;;;8;;;;;;GH;GHA
Ghana;;;9;;;;;;GH;GHA
Ghana;;;10;;;;;;GH;GHA
Ghana;;;11;;;;;;GH;GHA
Ghana;;;12;;;;;;GH;GHA
Ghana;;;13;;;;;;GH;GHA
Ghana;;;14;;;;;;GH;GHA
Ghana;;;15;;;;;;GH;GHA
Ghana;;;16;;;;;;GH;GHA
Ghana;;;17;;;;;;GH;GHA
Ghana;;;18;;;;;;GH;GHA
Ghana;;;19;;;;;;GH;GHA
Ghana;;;20;;;;;;GH;GHA
Ghana;;;21;;;;;;GH;GHA
Ghana;;;22;;;;;;GH;GHA
Ghana;;;23;;;;;;GH;GHA
Ghana;;;24;;;;;;GH;GHA
Ghana;;;25;;;;;;GH;GHA
Ghana;;;26;;;;;;GH;GHA
Haití;Alexandre Pierre;;1;Portero;FC Sochaux-Montbéliard;500 mil €;25/02/2001;C;HT;HTI
Haití;Johny Placide  ;;2;Portero;SC Bastia;150 mil €;29/01/1988;C;HT;HTI
Haití;Josué Duverger;;3;Portero;FC Cosmos Koblenz;-;27/04/2000;C;HT;HTI
Haití;Hannes Delcroix;;4;Defensa;FC Lugano;2,00 mill. €;28/02/1999;C;HT;HTI
Haití;Jean-Kévin Duverne;;5;Defensa;KAA Gent;2,00 mill. €;12/07/1997;C;HT;HTI
Haití;Ricardo Adé;;6;Defensa;LDU Quito;300 mil €;21/05/1990;C;HT;HTI
Haití;Keeto Thermoncy;;7;Defensa;BSC Young Boys U21;25 mil €;29/03/2006;C;HT;HTI
Haití;Martin Expérience;;8;Defensa;AS Nancy-Lorraine;400 mil €;09/03/1999;C;HT;HTI
Haití;Duke Lacroix;;9;Defensa;Colorado Springs Switchbacks FC;125 mil €  ;14/10/1993;C;HT;HTI
Haití;Carlens Arcus;;10;Defensa;Angers SCO;1,80 mill. €;28/06/1996;C;HT;HTI
Haití;Wilguens Paugain;;11;Defensa;Zulte Waregem;600 mil €;24/08/2001;C;HT;HTI
Haití;Danley Jean Jacques;;12;Centrocampista;Philadelphia Union;3,00 mill. €;20/05/2000;C;HT;HTI
Haití;Dominique Simon;;13;Centrocampista;FC Tatran Presov;225 mil €;29/07/2000;C;HT;HTI
Haití;Leverton Pierre;;14;Centrocampista;FC Vizela;200 mil €;09/03/1998;C;HT;HTI
Haití;Carl Sainté;;15;Centrocampista;El Paso Locomotive FC;125 mil €  ;09/08/2002;C;HT;HTI
Haití;Woodensky Pierre;;16;Centrocampista;Violette Athletic Club;-;30/12/2004;C;HT;HTI
Haití;Jean-Ricner Bellegarde;;17;Centrocampista;Wolverhampton Wanderers;16,00 mill. €;27/06/1998;C;HT;HTI
Haití;Derrick Etienne Jr.;;18;Delantero;Toronto FC;800 mil €;25/11/1996;C;HT;HTI
Haití;Ruben Providence;;19;Delantero;Almere City FC;300 mil €;07/07/2001;C;HT;HTI
Haití;Josué Casimir;;20;Delantero;AJ Auxerre;3,50 mill. €;24/09/2001;C;HT;HTI
Haití;Louicius Deedson;;21;Delantero;FC Dallas;1,20 mill. €;11/02/2001;C;HT;HTI
Haití;Wilson Isidor;;22;Delantero;Sunderland AFC;18,00 mill. €;27/08/2000;C;HT;HTI
Haití;Frantzdy Pierrot;;23;Delantero;Caykur Rizespor;2,50 mill. €;29/03/1995;C;HT;HTI
Haití;Lenny Joseph;;24;Delantero;Ferencvárosi TC;1,20 mill. €;12/10/2000;C;HT;HTI
Haití;Duckens Nazon;;25;Delantero;Esteghlal FC;900 mil €;07/04/1994;C;HT;HTI
Haití;Yassin Fortuné;;26;Delantero;FC Vizela;200 mil €;30/01/1999;C;HT;HTI
Irak;;;1;;;;;;IQ;IRQ
Irak;;;2;;;;;;IQ;IRQ
Irak;;;3;;;;;;IQ;IRQ
Irak;;;4;;;;;;IQ;IRQ
Irak;;;5;;;;;;IQ;IRQ
Irak;;;6;;;;;;IQ;IRQ
Irak;;;7;;;;;;IQ;IRQ
Irak;;;8;;;;;;IQ;IRQ
Irak;;;9;;;;;;IQ;IRQ
Irak;;;10;;;;;;IQ;IRQ
Irak;;;11;;;;;;IQ;IRQ
Irak;;;12;;;;;;IQ;IRQ
Irak;;;13;;;;;;IQ;IRQ
Irak;;;14;;;;;;IQ;IRQ
Irak;;;15;;;;;;IQ;IRQ
Irak;;;16;;;;;;IQ;IRQ
Irak;;;17;;;;;;IQ;IRQ
Irak;;;18;;;;;;IQ;IRQ
Irak;;;19;;;;;;IQ;IRQ
Irak;;;20;;;;;;IQ;IRQ
Irak;;;21;;;;;;IQ;IRQ
Irak;;;22;;;;;;IQ;IRQ
Irak;;;23;;;;;;IQ;IRQ
Irak;;;24;;;;;;IQ;IRQ
Irak;;;25;;;;;;IQ;IRQ
Irak;;;26;;;;;;IQ;IRQ
Irán;;;1;;;;;;IR;IRN
Irán;;;2;;;;;;IR;IRN
Irán;;;3;;;;;;IR;IRN
Irán;;;4;;;;;;IR;IRN
Irán;;;5;;;;;;IR;IRN
Irán;;;6;;;;;;IR;IRN
Irán;;;7;;;;;;IR;IRN
Irán;;;8;;;;;;IR;IRN
Irán;;;9;;;;;;IR;IRN
Irán;;;10;;;;;;IR;IRN
Irán;;;11;;;;;;IR;IRN
Irán;;;12;;;;;;IR;IRN
Irán;;;13;;;;;;IR;IRN
Irán;;;14;;;;;;IR;IRN
Irán;;;15;;;;;;IR;IRN
Irán;;;16;;;;;;IR;IRN
Irán;;;17;;;;;;IR;IRN
Irán;;;18;;;;;;IR;IRN
Irán;;;19;;;;;;IR;IRN
Irán;;;20;;;;;;IR;IRN
Irán;;;21;;;;;;IR;IRN
Irán;;;22;;;;;;IR;IRN
Irán;;;23;;;;;;IR;IRN
Irán;;;24;;;;;;IR;IRN
Irán;;;25;;;;;;IR;IRN
Irán;;;26;;;;;;IR;IRN
Inglaterra;;;1;;;;;;GB;GBR
Inglaterra;;;2;;;;;;GB;GBR
Inglaterra;;;3;;;;;;GB;GBR
Inglaterra;;;4;;;;;;GB;GBR
Inglaterra;;;5;;;;;;GB;GBR
Inglaterra;;;6;;;;;;GB;GBR
Inglaterra;;;7;;;;;;GB;GBR
Inglaterra;;;8;;;;;;GB;GBR
Inglaterra;;;9;;;;;;GB;GBR
Inglaterra;;;10;;;;;;GB;GBR
Inglaterra;;;11;;;;;;GB;GBR
Inglaterra;;;12;;;;;;GB;GBR
Inglaterra;;;13;;;;;;GB;GBR
Inglaterra;;;14;;;;;;GB;GBR
Inglaterra;;;15;;;;;;GB;GBR
Inglaterra;;;16;;;;;;GB;GBR
Inglaterra;;;17;;;;;;GB;GBR
Inglaterra;;;18;;;;;;GB;GBR
Inglaterra;;;19;;;;;;GB;GBR
Inglaterra;;;20;;;;;;GB;GBR
Inglaterra;;;21;;;;;;GB;GBR
Inglaterra;;;22;;;;;;GB;GBR
Inglaterra;;;23;;;;;;GB;GBR
Inglaterra;;;24;;;;;;GB;GBR
Inglaterra;;;25;;;;;;GB;GBR
Inglaterra;;;26;;;;;;GB;GBR
Japón;Zion Suzuki;;1;Portero;Parma;20,00 mill. €;21/08/2002;F;JP;JPN
Japón;Keisuke Osako;;2;Portero;Sanfrecce Hiroshima;2,00 mill. €;28/07/1999;F;JP;JPN
Japón;Tomoki Hayakawa;;3;Portero;Kashima Antlers;1,50 mill. €;03/03/1999;F;JP;JPN
Japón;Hiroki Ito;;4;Defensa;Bayern München;18,00 mill. €;12/05/1999;F;JP;JPN
Japón;Ko Itakura;;5;Defensa;Ajax Amsterdam;10,00 mill. €;27/01/1997;F;JP;JPN
Japón;Tsuyoshi Watanabe;;6;Defensa;Feyenoord Rotterdam;10,00 mill. €;05/02/1997;F;JP;JPN
Japón;Junnosuke Suzuki;;7;Defensa;FC Copenhagen;2,00 mill. €;12/07/2003;F;JP;JPN
Japón;Shogo Taniguchi;;8;Defensa;Sint-Truidense VV;800 mil €;15/07/1991;F;JP;JPN
Japón;Yuto Nagatomo;;9;Defensa;FC Tokyo;100 mil €;12/09/1986;F;JP;JPN
Japón;Takehiro Tomiyasu;;10;Defensa;Ajax Amsterdam;8,00 mill. €;05/11/1998;F;JP;JPN
Japón;Yukinari Sugawara;;11;Defensa;SV Werder Bremen;7,50 mill. €;28/06/2000;F;JP;JPN
Japón;Kaishu Sano;;12;Centrocampista;1.FSV Mainz 05;25,00 mill. €;30/12/2000;F;JP;JPN
Japón;Wataru Endo ;;13;Centrocampista;Liverpool FC;5,00 mill. €;09/02/1993;F;JP;JPN
Japón;Ayumu Seko;;14;Centrocampista;Le Havre AC;5,00 mill. €;07/06/2000;F;JP;JPN
Japón;Ao Tanaka;;15;Centrocampista;Leeds United;10,00 mill. €;10/09/1998;F;JP;JPN
Japón;Daichi Kamada;;16;Centrocampista;Crystal Palace;12,00 mill. €;05/08/1996;F;JP;JPN
Japón;Daizen Maeda;;17;Delantero;Celtic FC;12,00 mill. €;20/10/1997;F;JP;JPN
Japón;Keito Nakamura;;18;Delantero;Stade Reims;9,00 mill. €;28/07/2000;F;JP;JPN
Japón;Takefusa Kubo;;19;Delantero;Real Sociedad;30,00 mill. €;04/06/2001;F;JP;JPN
Japón;Ritsu Doan;;20;Delantero;Eintracht Frankfurt;20,00 mill. €;16/06/1998;F;JP;JPN
Japón;Junya Ito;;21;Delantero;KRC Genk;3,50 mill. €;09/03/1993;F;JP;JPN
Japón;Yuito Suzuki ;;22;Delantero;SC Freiburg;18,00 mill. €;25/10/2001;F;JP;JPN
Japón;Ayase Ueda;;23;Delantero;Feyenoord Rotterdam;15,00 mill. €;28/08/1998;F;JP;JPN
Japón;Keisuke Goto;;24;Delantero;Sint-Truidense VV;8,00 mill. €;03/06/2005;F;JP;JPN
Japón;Kento Shiogai;;25;Delantero;VfL Wolfsburg;8,00 mill. €;26/03/2005;F;JP;JPN
Japón;Koki Ogawa;;26;Delantero;NEC Nijmegen;2,50 mill. €;08/08/1997;F;JP;JPN
Jordania;;;1;;;;;;JO;JOR
Jordania;;;2;;;;;;JO;JOR
Jordania;;;3;;;;;;JO;JOR
Jordania;;;4;;;;;;JO;JOR
Jordania;;;5;;;;;;JO;JOR
Jordania;;;6;;;;;;JO;JOR
Jordania;;;7;;;;;;JO;JOR
Jordania;;;8;;;;;;JO;JOR
Jordania;;;9;;;;;;JO;JOR
Jordania;;;10;;;;;;JO;JOR
Jordania;;;11;;;;;;JO;JOR
Jordania;;;12;;;;;;JO;JOR
Jordania;;;13;;;;;;JO;JOR
Jordania;;;14;;;;;;JO;JOR
Jordania;;;15;;;;;;JO;JOR
Jordania;;;16;;;;;;JO;JOR
Jordania;;;17;;;;;;JO;JOR
Jordania;;;18;;;;;;JO;JOR
Jordania;;;19;;;;;;JO;JOR
Jordania;;;20;;;;;;JO;JOR
Jordania;;;21;;;;;;JO;JOR
Jordania;;;22;;;;;;JO;JOR
Jordania;;;23;;;;;;JO;JOR
Jordania;;;24;;;;;;JO;JOR
Jordania;;;25;;;;;;JO;JOR
Jordania;;;26;;;;;;JO;JOR
Marruecos;;;1;;;;;;MA;MAR
Marruecos;;;2;;;;;;MA;MAR
Marruecos;;;3;;;;;;MA;MAR
Marruecos;;;4;;;;;;MA;MAR
Marruecos;;;5;;;;;;MA;MAR
Marruecos;;;6;;;;;;MA;MAR
Marruecos;;;7;;;;;;MA;MAR
Marruecos;;;8;;;;;;MA;MAR
Marruecos;;;9;;;;;;MA;MAR
Marruecos;;;10;;;;;;MA;MAR
Marruecos;;;11;;;;;;MA;MAR
Marruecos;;;12;;;;;;MA;MAR
Marruecos;;;13;;;;;;MA;MAR
Marruecos;;;14;;;;;;MA;MAR
Marruecos;;;15;;;;;;MA;MAR
Marruecos;;;16;;;;;;MA;MAR
Marruecos;;;17;;;;;;MA;MAR
Marruecos;;;18;;;;;;MA;MAR
Marruecos;;;19;;;;;;MA;MAR
Marruecos;;;20;;;;;;MA;MAR
Marruecos;;;21;;;;;;MA;MAR
Marruecos;;;22;;;;;;MA;MAR
Marruecos;;;23;;;;;;MA;MAR
Marruecos;;;24;;;;;;MA;MAR
Marruecos;;;25;;;;;;MA;MAR
Marruecos;;;26;;;;;;MA;MAR
México;;;1;;;;;;MX;MEX
México;;;2;;;;;;MX;MEX
México;;;3;;;;;;MX;MEX
México;;;4;;;;;;MX;MEX
México;;;5;;;;;;MX;MEX
México;;;6;;;;;;MX;MEX
México;;;7;;;;;;MX;MEX
México;;;8;;;;;;MX;MEX
México;;;9;;;;;;MX;MEX
México;;;10;;;;;;MX;MEX
México;;;11;;;;;;MX;MEX
México;;;12;;;;;;MX;MEX
México;;;13;;;;;;MX;MEX
México;;;14;;;;;;MX;MEX
México;;;15;;;;;;MX;MEX
México;;;16;;;;;;MX;MEX
México;;;17;;;;;;MX;MEX
México;;;18;;;;;;MX;MEX
México;;;19;;;;;;MX;MEX
México;;;20;;;;;;MX;MEX
México;;;21;;;;;;MX;MEX
México;;;22;;;;;;MX;MEX
México;;;23;;;;;;MX;MEX
México;;;24;;;;;;MX;MEX
México;;;25;;;;;;MX;MEX
México;;;26;;;;;;MX;MEX
Noruega;;;1;;;;;;NO;NOR
Noruega;;;2;;;;;;NO;NOR
Noruega;;;3;;;;;;NO;NOR
Noruega;;;4;;;;;;NO;NOR
Noruega;;;5;;;;;;NO;NOR
Noruega;;;6;;;;;;NO;NOR
Noruega;;;7;;;;;;NO;NOR
Noruega;;;8;;;;;;NO;NOR
Noruega;;;9;;;;;;NO;NOR
Noruega;;;10;;;;;;NO;NOR
Noruega;;;11;;;;;;NO;NOR
Noruega;;;12;;;;;;NO;NOR
Noruega;;;13;;;;;;NO;NOR
Noruega;;;14;;;;;;NO;NOR
Noruega;;;15;;;;;;NO;NOR
Noruega;;;16;;;;;;NO;NOR
Noruega;;;17;;;;;;NO;NOR
Noruega;;;18;;;;;;NO;NOR
Noruega;;;19;;;;;;NO;NOR
Noruega;;;20;;;;;;NO;NOR
Noruega;;;21;;;;;;NO;NOR
Noruega;;;22;;;;;;NO;NOR
Noruega;;;23;;;;;;NO;NOR
Noruega;;;24;;;;;;NO;NOR
Noruega;;;25;;;;;;NO;NOR
Noruega;;;26;;;;;;NO;NOR
Nueva Zelanda;Max Crocombe;;1;Portero;Millwall FC;1,00 mill. €;12/08/1993;G;NZ;NZL
Nueva Zelanda;Tim Payne;;2;Defensa;Wellington Phoenix;400 mil €;10/01/1994;G;NZ;NZL
Nueva Zelanda;Francis de Vries;;3;Defensa;Auckland FC;600 mil €;28/11/1994;G;NZ;NZL
Nueva Zelanda;Tyler Bindon ;;4;Defensa;Sheffield United;1,50 mill. €;27/01/2005;G;NZ;NZL
Nueva Zelanda;Michael Boxall;;5;Defensa;Minnesota United FC;150 mil €;18/08/1988;G;NZ;NZL
Nueva Zelanda;Joe Bell;;6;Centrocampista;Viking FK;3,00 mill. €;27/04/1999;G;NZ;NZL
Nueva Zelanda;Matthew Garbett;;7;Centrocampista;Peterborough United;450 mil €  ;13/04/2002;G;NZ;NZL
Nueva Zelanda;Marko Stamenić;;8;Centrocampista;Swansea City;3,00 mill. €;19/02/2002;G;NZ;NZL
Nueva Zelanda;Chris Wood;;9;Delantero;Nottingham Forest;6,00 mill. €;07/12/1991;G;NZ;NZL
Nueva Zelanda;Sarpreet Singh;;10;Centrocampista;Wellington Phoenix;500 mil €;20/02/1999;G;NZ;NZL
Nueva Zelanda;Elijah Just;;11;Delantero;Motherwell FC;1,50 mill. €;01/05/2000;G;NZ;NZL
Nueva Zelanda;Alex Paulsen;;12;Portero;KS Lechia Gdansk;750 mil €;04/07/2002;G;NZ;NZL
Nueva Zelanda;Liberato Cacace;;13;Defensa;Wrexham AFC;3,00 mill. €;27/09/2000;G;NZ;NZL
Nueva Zelanda;Alex Rufer;;14;Centrocampista;Wellington Phoenix;600 mil €;12/06/1996;G;NZ;NZL
Nueva Zelanda;Nando Pijnaker;;15;Defensa;Auckland FC;400 mil €;25/02/1999;G;NZ;NZL
Nueva Zelanda;Finn Surman;;16;Defensa;Portland Phoenix;1,50 mill. €;23/09/2003;G;NZ;NZL
Nueva Zelanda;Kosta Barbarouses;;17;Delantero;Western Sydney Wanderers;325 mil €;19/02/1990;G;NZ;NZL
Nueva Zelanda;Ben Waine;;18;Delantero;Port Vale FC;400 mil €  ;11/06/2001;G;NZ;NZL
Nueva Zelanda;Ben Old;;19;Defensa;AS Saint-Étienne;1,20 mill. €;13/08/2002;G;NZ;NZL
Nueva Zelanda;Callum McCowatt;;20;Centrocampista;Silkeborg IF;2,00 mill. €;30/04/1999;G;NZ;NZL
Nueva Zelanda;Jesse Randall;;21;Delantero;Auckland FC;600 mil €;19/08/2002;G;NZ;NZL
Nueva Zelanda;Michael Woud;;22;Portero;Auckland FC;300 mil €;16/01/1999;G;NZ;NZL
Nueva Zelanda;Ryan Thomas;;23;Centrocampista;PEC Zwolle;700 mil €;20/12/1994;G;NZ;NZL
Nueva Zelanda;Callan Elliot;;24;Defensa;Auckland FC;375 mil €;07/07/1999;G;NZ;NZL
Nueva Zelanda;Lachlan Bayliss;;25;Centrocampista;Newcastle United Jets;350 mil €;24/07/2002;G;NZ;NZL
Nueva Zelanda;Tommy Smith;;26;Defensa;Braintree Town;100 mil €;31/03/1990;G;NZ;NZL
Países Bajos;;;1;;;;;;NL;NLD
Países Bajos;;;2;;;;;;NL;NLD
Países Bajos;;;3;;;;;;NL;NLD
Países Bajos;;;4;;;;;;NL;NLD
Países Bajos;;;5;;;;;;NL;NLD
Países Bajos;;;6;;;;;;NL;NLD
Países Bajos;;;7;;;;;;NL;NLD
Países Bajos;;;8;;;;;;NL;NLD
Países Bajos;;;9;;;;;;NL;NLD
Países Bajos;;;10;;;;;;NL;NLD
Países Bajos;;;11;;;;;;NL;NLD
Países Bajos;;;12;;;;;;NL;NLD
Países Bajos;;;13;;;;;;NL;NLD
Países Bajos;;;14;;;;;;NL;NLD
Países Bajos;;;15;;;;;;NL;NLD
Países Bajos;;;16;;;;;;NL;NLD
Países Bajos;;;17;;;;;;NL;NLD
Países Bajos;;;18;;;;;;NL;NLD
Países Bajos;;;19;;;;;;NL;NLD
Países Bajos;;;20;;;;;;NL;NLD
Países Bajos;;;21;;;;;;NL;NLD
Países Bajos;;;22;;;;;;NL;NLD
Países Bajos;;;23;;;;;;NL;NLD
Países Bajos;;;24;;;;;;NL;NLD
Países Bajos;;;25;;;;;;NL;NLD
Países Bajos;;;26;;;;;;NL;NLD
Panamá;;;1;;;;;;PA;PAN
Panamá;;;2;;;;;;PA;PAN
Panamá;;;3;;;;;;PA;PAN
Panamá;;;4;;;;;;PA;PAN
Panamá;;;5;;;;;;PA;PAN
Panamá;;;6;;;;;;PA;PAN
Panamá;;;7;;;;;;PA;PAN
Panamá;;;8;;;;;;PA;PAN
Panamá;;;9;;;;;;PA;PAN
Panamá;;;10;;;;;;PA;PAN
Panamá;;;11;;;;;;PA;PAN
Panamá;;;12;;;;;;PA;PAN
Panamá;;;13;;;;;;PA;PAN
Panamá;;;14;;;;;;PA;PAN
Panamá;;;15;;;;;;PA;PAN
Panamá;;;16;;;;;;PA;PAN
Panamá;;;17;;;;;;PA;PAN
Panamá;;;18;;;;;;PA;PAN
Panamá;;;19;;;;;;PA;PAN
Panamá;;;20;;;;;;PA;PAN
Panamá;;;21;;;;;;PA;PAN
Panamá;;;22;;;;;;PA;PAN
Panamá;;;23;;;;;;PA;PAN
Panamá;;;24;;;;;;PA;PAN
Panamá;;;25;;;;;;PA;PAN
Panamá;;;26;;;;;;PA;PAN
Paraguay;;;1;;;;;;PY;PRY
Paraguay;;;2;;;;;;PY;PRY
Paraguay;;;3;;;;;;PY;PRY
Paraguay;;;4;;;;;;PY;PRY
Paraguay;;;5;;;;;;PY;PRY
Paraguay;;;6;;;;;;PY;PRY
Paraguay;;;7;;;;;;PY;PRY
Paraguay;;;8;;;;;;PY;PRY
Paraguay;;;9;;;;;;PY;PRY
Paraguay;;;10;;;;;;PY;PRY
Paraguay;;;11;;;;;;PY;PRY
Paraguay;;;12;;;;;;PY;PRY
Paraguay;;;13;;;;;;PY;PRY
Paraguay;;;14;;;;;;PY;PRY
Paraguay;;;15;;;;;;PY;PRY
Paraguay;;;16;;;;;;PY;PRY
Paraguay;;;17;;;;;;PY;PRY
Paraguay;;;18;;;;;;PY;PRY
Paraguay;;;19;;;;;;PY;PRY
Paraguay;;;20;;;;;;PY;PRY
Paraguay;;;21;;;;;;PY;PRY
Paraguay;;;22;;;;;;PY;PRY
Paraguay;;;23;;;;;;PY;PRY
Paraguay;;;24;;;;;;PY;PRY
Paraguay;;;25;;;;;;PY;PRY
Paraguay;;;26;;;;;;PY;PRY
Portugal;Diogo Costa;;-;Portero;FC Porto;40,00 mill. €;19/09/1999;K;PT;PRT
Portugal;Rui Silva;;22;Portero;Sporting CP;7,00 mill. €;07/02/1994;K;PT;PRT
Portugal;José Sá;;-;Portero;Wolverhampton Wanderers;5,00 mill. €;17/01/1993;K;PT;PRT
Portugal;Rúben Dias;;-;Defensa;Manchester City;60,00 mill. €;14/05/1997;K;PT;PRT
Portugal;Gonçalo Inácio;;14;Defensa;Sporting CP;40,00 mill. €;25/08/2001;K;PT;PRT
Portugal;Tomás Araújo;;3;Defensa;SL Benfica;28,00 mill. €;16/05/2002;K;PT;PRT
Portugal;Renato Veiga;;13;Defensa;Villarreal CF;25,00 mill. €;29/07/2003;K;PT;PRT
Portugal;Nuno Mendes ;;-;Defensa;Paris Saint-Germain;75,00 mill. €;19/06/2002;K;PT;PRT
Portugal;Matheus Nunes;;15;Defensa;Manchester City;45,00 mill. €;27/08/1998;K;PT;PRT
Portugal;Diogo Dalot;;5;Defensa;Manchester United;30,00 mill. €;18/03/1999;K;PT;PRT
Portugal;João Cancelo;;-;Defensa;FC Barcelona;9,00 mill. €;27/05/1994;K;PT;PRT
Portugal;Nélson Semedo;;-;Defensa;Fenerbahce;7,00 mill. €;16/11/1993;K;PT;PRT
Portugal;Vitinha;;23;Centrocampista;Paris Saint-Germain;110,00 mill. €;13/02/2000;K;PT;PRT
Portugal;Rúben Neves;;21;Centrocampista;Al-Hilal SFC;25,00 mill. €;13/03/1997;K;PT;PRT
Portugal;Samú Costa;;6;Centrocampista;RCD Mallorca;15,00 mill. €;27/11/2000;K;PT;PRT
Portugal;João Neves;;15;Centrocampista;Paris Saint-Germain;110,00 mill. €;27/09/2004;K;PT;PRT
Portugal;Bruno Fernandes;;8;Centrocampista;Manchester United;40,00 mill. €;08/09/1994;K;PT;PRT
Portugal;Francisco Trincão;;16;Centrocampista;Sporting CP;35,00 mill. €;29/12/1999;K;PT;PRT
Portugal;Bernardo Silva;;-;Centrocampista;Manchester City;27,00 mill. €;10/08/1994;K;PT;PRT
Portugal;Rafael Leão;;-;Delantero;AC Milan;65,00 mill. €;10/06/1999;K;PT;PRT
Portugal;Gonçalo Guedes;;17;Delantero;Real Sociedad;6,00 mill. €;29/11/1996;K;PT;PRT
Portugal;Pedro Neto;;-;Delantero;Chelsea FC;60,00 mill. €;09/03/2000;K;PT;PRT
Portugal;Francisco Conceição;;20;Delantero;Juventus FC;30,00 mill. €;14/12/2002;K;PT;PRT
Portugal;João Félix;;11;Delantero;Al-Nassr FC;25,00 mill. €;10/11/1999;K;PT;PRT
Portugal;Gonçalo Ramos;;9;Delantero;Paris Saint-Germain;35,00 mill. €;20/06/2001;K;PT;PRT
Portugal;Cristiano Ronaldo;;-;Delantero;Al-Nassr FC;12,00 mill. €;05/02/1985;K;PT;PRT
República Checa;;;1;;;;;;CZ;CZE
República Checa;;;2;;;;;;CZ;CZE
República Checa;;;3;;;;;;CZ;CZE
República Checa;;;4;;;;;;CZ;CZE
República Checa;;;5;;;;;;CZ;CZE
República Checa;;;6;;;;;;CZ;CZE
República Checa;;;7;;;;;;CZ;CZE
República Checa;;;8;;;;;;CZ;CZE
República Checa;;;9;;;;;;CZ;CZE
República Checa;;;10;;;;;;CZ;CZE
República Checa;;;11;;;;;;CZ;CZE
República Checa;;;12;;;;;;CZ;CZE
República Checa;;;13;;;;;;CZ;CZE
República Checa;;;14;;;;;;CZ;CZE
República Checa;;;15;;;;;;CZ;CZE
República Checa;;;16;;;;;;CZ;CZE
República Checa;;;17;;;;;;CZ;CZE
República Checa;;;18;;;;;;CZ;CZE
República Checa;;;19;;;;;;CZ;CZE
República Checa;;;20;;;;;;CZ;CZE
República Checa;;;21;;;;;;CZ;CZE
República Checa;;;22;;;;;;CZ;CZE
República Checa;;;23;;;;;;CZ;CZE
República Checa;;;24;;;;;;CZ;CZE
República Checa;;;25;;;;;;CZ;CZE
República Checa;;;26;;;;;;CZ;CZE
RD Congo;Matthieu Epolo;;1;Portero;Standard Liège;5,00 mill. €;15/01/2005;K;CD;COD
RD Congo;Timothy Fayulu;;2;Portero;FC Noah Yerevan;1,00 mill. €;24/07/1999;K;CD;COD
RD Congo;Lionel Mpasi-Nzau;;3;Portero;Le Havre AC;400 mil €;01/08/1994;K;CD;COD
RD Congo;Axel Tuanzebe;;4;Defensa;Burnley FC;5,00 mill. €;14/11/1997;K;CD;COD
RD Congo;Chancel Mbemba;;5;Defensa;LOSC Lille;2,50 mill. €;08/08/1994;K;CD;COD
RD Congo;Steve Kapuadi;;6;Defensa;Widzew Lodz;2,50 mill. €;30/04/1998;K;CD;COD
RD Congo;Rocky Bushiri;;7;Defensa;Hibernian FC;900 mil €;30/11/1999;K;CD;COD
RD Congo;Dylan Batubinsika;;8;Defensa;AE Larisa;700 mil €;15/02/1996;K;CD;COD
RD Congo;Joris Kayembe;;9;Defensa;KRC Genk;2,50 mill. €;08/08/1994;K;CD;COD
RD Congo;Arthur Masuaku;;10;Defensa;RC Lens;2,50 mill. €;07/11/1993;K;CD;COD
RD Congo;Aaron Wan-Bissaka;;11;Defensa;West Ham United;22,00 mill. €;26/11/1997;K;CD;COD
RD Congo;Jeremy Ngakia;;12;Defensa;Watford FC;2,00 mill. €;07/09/2000;K;CD;COD
RD Congo;Ngal'ayel Mukau;;13;Centrocampista;LOSC Lille;12,00 mill. €;03/11/2004;K;CD;COD
RD Congo;Charles Pickel;;14;Centrocampista;RCD Espanyol Barcelona;2,50 mill. €;15/05/1997;K;CD;COD
RD Congo;Noah Sadiki;;15;Centrocampista;Sunderland AFC;30,00 mill. €;17/12/2004;K;CD;COD
RD Congo;Edo Kayembe;;16;Centrocampista;Watford FC;4,00 mill. €;03/06/1998;K;CD;COD
RD Congo;Samuel Moutoussamy;;17;Centrocampista;Atromitos Athens;1,20 mill. €;12/08/1996;K;CD;COD
RD Congo;Meschack Elia;;18;Centrocampista;Alanyaspor;2,00 mill. €;06/08/1997;K;CD;COD
RD Congo;Nathanaël Mbuku;;19;Delantero;Montpellier HSC;2,00 mill. €;16/03/2002;K;CD;COD
RD Congo;Brian Cipenga;;20;Delantero;CD Castellón;2,00 mill. €;11/03/1998;K;CD;COD
RD Congo;Théo Bongonda;;21;Delantero;Spartak Moscow;4,00 mill. €;20/11/1995;K;CD;COD
RD Congo;Grady Diangana;;22;Delantero;Elche CF;2,50 mill. €;19/04/1998;K;CD;COD
RD Congo;Yoane Wissa;;23;Delantero;Newcastle United;30,00 mill. €;03/09/1996;K;CD;COD
RD Congo;Simon Banza;;24;Delantero;Al-Jazira Club;11,00 mill. €;13/08/1996;K;CD;COD
RD Congo;Fiston Mayele;;25;Delantero;Pyramids FC;1,80 mill. €;24/06/1994;K;CD;COD
RD Congo;Cédric Bakambu;;26;Delantero;Real Betis Balompié;1,40 mill. €;11/04/1991;K;CD;COD
Senegal;;;1;;;;;;SN;SEN
Senegal;;;2;;;;;;SN;SEN
Senegal;;;3;;;;;;SN;SEN
Senegal;;;4;;;;;;SN;SEN
Senegal;;;5;;;;;;SN;SEN
Senegal;;;6;;;;;;SN;SEN
Senegal;;;7;;;;;;SN;SEN
Senegal;;;8;;;;;;SN;SEN
Senegal;;;9;;;;;;SN;SEN
Senegal;;;10;;;;;;SN;SEN
Senegal;;;11;;;;;;SN;SEN
Senegal;;;12;;;;;;SN;SEN
Senegal;;;13;;;;;;SN;SEN
Senegal;;;14;;;;;;SN;SEN
Senegal;;;15;;;;;;SN;SEN
Senegal;;;16;;;;;;SN;SEN
Senegal;;;17;;;;;;SN;SEN
Senegal;;;18;;;;;;SN;SEN
Senegal;;;19;;;;;;SN;SEN
Senegal;;;20;;;;;;SN;SEN
Senegal;;;21;;;;;;SN;SEN
Senegal;;;22;;;;;;SN;SEN
Senegal;;;23;;;;;;SN;SEN
Senegal;;;24;;;;;;SN;SEN
Senegal;;;25;;;;;;SN;SEN
Senegal;;;26;;;;;;SN;SEN
Sudáfrica;;;1;;;;;;ZA;ZAF
Sudáfrica;;;2;;;;;;ZA;ZAF
Sudáfrica;;;3;;;;;;ZA;ZAF
Sudáfrica;;;4;;;;;;ZA;ZAF
Sudáfrica;;;5;;;;;;ZA;ZAF
Sudáfrica;;;6;;;;;;ZA;ZAF
Sudáfrica;;;7;;;;;;ZA;ZAF
Sudáfrica;;;8;;;;;;ZA;ZAF
Sudáfrica;;;9;;;;;;ZA;ZAF
Sudáfrica;;;10;;;;;;ZA;ZAF
Sudáfrica;;;11;;;;;;ZA;ZAF
Sudáfrica;;;12;;;;;;ZA;ZAF
Sudáfrica;;;13;;;;;;ZA;ZAF
Sudáfrica;;;14;;;;;;ZA;ZAF
Sudáfrica;;;15;;;;;;ZA;ZAF
Sudáfrica;;;16;;;;;;ZA;ZAF
Sudáfrica;;;17;;;;;;ZA;ZAF
Sudáfrica;;;18;;;;;;ZA;ZAF
Sudáfrica;;;19;;;;;;ZA;ZAF
Sudáfrica;;;20;;;;;;ZA;ZAF
Sudáfrica;;;21;;;;;;ZA;ZAF
Sudáfrica;;;22;;;;;;ZA;ZAF
Sudáfrica;;;23;;;;;;ZA;ZAF
Sudáfrica;;;24;;;;;;ZA;ZAF
Sudáfrica;;;25;;;;;;ZA;ZAF
Sudáfrica;;;26;;;;;;ZA;ZAF
Suiza;Gregor Kobel;;1;Portero;Borussia Dortmund;40,00 mill. €;06/12/1997;B;CH;CHE
Suiza;Marvin Keller;;2;Portero;BSC Young Boys;7,00 mill. €;03/07/2002;B;CH;CHE
Suiza;Yvon Mvogo;;3;Portero;FC Lorient;3,00 mill. €;06/06/1994;B;CH;CHE
Suiza;Manuel Akanji;;4;Defensa;Inter Milan;18,00 mill. €;19/07/1995;B;CH;CHE
Suiza;Luca Jaquez;;5;Defensa;VfB Stuttgart;10,00 mill. €;02/06/2003;B;CH;CHE
Suiza;Nico Elvedi;;6;Defensa;Borussia Mönchengladbach;8,00 mill. €;30/09/1996;B;CH;CHE
Suiza;Aurèle Amenda;;7;Defensa;Eintracht Frankfurt;8,00 mill. €;31/07/2003;B;CH;CHE
Suiza;Eray Cömert;;8;Defensa;Valencia CF;2,50 mill. €;04/02/1998;B;CH;CHE
Suiza;Miro Muheim;;9;Defensa;Hamburger SV;5,00 mill. €;24/03/1998;B;CH;CHE
Suiza;Ricardo Rodríguez;;10;Defensa;Real Betis Balompié;1,50 mill. €;25/08/1992;B;CH;CHE
Suiza;Silvan Widmer;;11;Defensa;1.FSV Mainz 05;800 mil €;05/03/1993;B;CH;CHE
Suiza;Ardon Jashari;;12;Centrocampista;AC Milan;30,00 mill. €;30/07/2002;B;CH;CHE
Suiza;Denis Zakaria;;13;Centrocampista;AS Monaco;25,00 mill. €;20/11/1996;B;CH;CHE
Suiza;Granit Xhaka ;;14;Centrocampista;Sunderland AFC;10,00 mill. €;27/09/1992;B;CH;CHE
Suiza;Johan Manzambi;;15;Centrocampista;SC Freiburg;35,00 mill. €;14/10/2005;B;CH;CHE
Suiza;Djibril Sow;;16;Centrocampista;Sevilla FC;7,50 mill. €;06/02/1997;B;CH;CHE
Suiza;Michel Aebischer;;17;Centrocampista;Pisa Sporting Club;4,50 mill. €;06/01/1997;B;CH;CHE
Suiza;Remo Freuler;;18;Centrocampista;Bologna FC 1909;4,00 mill. €;15/04/1992;B;CH;CHE
Suiza;Fabian Rieder;;19;Centrocampista;FC Augsburg;8,00 mill. €;16/02/2002;B;CH;CHE
Suiza;Christian Fassnacht;;20;Centrocampista;BSC Young Boys;2,00 mill. €;11/11/1993;B;CH;CHE
Suiza;Noah Okafor;;21;Delantero;Leeds United;18,00 mill. €;24/05/2000;B;CH;CHE
Suiza;Rubén Vargas;;22;Delantero;Sevilla FC;12,00 mill. €;05/08/1998;B;CH;CHE
Suiza;Dan Ndoye;;23;Delantero;Nottingham Forest;35,00 mill. €;25/10/2000;B;CH;CHE
Suiza;Breel Embolo;;24;Delantero;Stade Rennais FC;12,00 mill. €;14/02/1997;B;CH;CHE
Suiza;Zeki Amdouni;;25;Delantero;Burnley FC;9,00 mill. €;04/12/2000;B;CH;CHE
Suiza;Cedric Itten;;26;Delantero;Fortuna Düsseldorf;1,80 mill. €;27/12/1996;B;CH;CHE
Suecia;Jacob Widell Zetterström;;1;Portero;Derby County;2,50 mill. €;11/07/1998;F;SE;SWE
Suecia;Gustaf Lagerbielke;;2;Defensa;SC Braga;5,00 mill. €;10/04/2000;F;SE;SWE
Suecia;Victor Lindelof;;3;Defensa;Aston Villa;6,00 mill. €;17/07/1994;F;SE;SWE
Suecia;Isak Hien;;4;Defensa;Atalanta BC;22,00 mill. €;13/01/1999;F;SE;SWE
Suecia;Gabriel Gudmundsson;;5;Defensa;Leeds United;20,00 mill. €;29/04/1999;F;SE;SWE
Suecia;Carl Starfelt;;6;Defensa;Celta de Vigo;5,00 mill. €;01/06/1995;F;SE;SWE
Suecia;Lucas Bergvall;;7;Centrocampista;Tottenham Hotspur;40,00 mill. €;02/02/2006;F;SE;SWE
Suecia;Daniel Svensson;;8;Defensa;Borussia Dortmund;22,00 mill. €;12/02/2002;F;SE;SWE
Suecia;Alexander Isak;;9;Delantero;Liverpool FC;100,00 mill. €;21/09/1999;F;SE;SWE
Suecia;Benjamin Nygren;;10;Delantero;Celtic FC;10,00 mill. €;08/07/2001;F;SE;SWE
Suecia;Anthony Elanga;;11;Delantero;Newcastle United;40,00 mill. €;27/04/2002;F;SE;SWE
Suecia;Viktor Johansson;;12;Portero;Stoke City;12,00 mill. €;14/09/1998;F;SE;SWE
Suecia;Ken Sema;;13;Defensa;Pafos FC;1,00 mill. €;30/09/1993;F;SE;SWE
Suecia;Eric Smith;;14;Defensa;FC St. Pauli;5,00 mill. €;08/01/1997;F;SE;SWE
Suecia;Mattias Svanberg;;15;Centrocampista;VfL Wolfsburg;9,00 mill. €;05/01/1999;F;SE;SWE
Suecia;Jesper Karlström;;16;Centrocampista;Udinese;4,00 mill. €;21/06/1995;F;SE;SWE
Suecia;Viktor Gyökeres;;17;Delantero;Arsenal FC;65,00 mill. €;04/06/1998;F;SE;SWE
Suecia;Yasin Ayari;;18;Centrocampista;Brighton & Hove Albion;30,00 mill. €;06/10/2003;F;SE;SWE
Suecia;Gustaf Nilsson;;19;Delantero;Club Brugge;2,00 mill. €;23/05/1997;F;SE;SWE
Suecia;Hjalmar Ekdal;;20;Defensa;Burnley FC;6,00 mill. €;21/10/1998;F;SE;SWE
Suecia;Besfort Zeneli;;21;Centrocampista;Union Saint-Gilloise;4,50 mill. €;21/11/2002;F;SE;SWE
Suecia;Emil Holm;;22;Defensa;Juventus de Turín;13,00 mill. €;13/05/2000;F;SE;SWE
Suecia;Kristoffer Nordfeldt;;23;Portero;AIK;175 mil €;23/06/1989;F;SE;SWE
Suecia;Taha Ali;;24;Delantero;Malmoe FF;1,20 mill. €;01/07/1998;F;SE;SWE
Suecia;Elliot Stroud;;25;Centrocampista;Mjälby AIF;3,00 mill. €;22/06/2002;F;SE;SWE
Suecia;Alexander Bernhardsson;;26;Delantero;Holstein Kiel;3,00 mill. €;08/09/1998;F;SE;SWE
Túnez;Aymen Dahmen;;1;Portero;CS Sfaxien;800 mil €;28/01/1997;F;TN;TUN
Túnez;Abdelmouhib Chamakh;;2;Portero;Club Africain;450 mil €;25/08/2001;F;TN;TUN
Túnez;Sabri Ben Hessen;;3;Portero;Etoile Sportive du Sahel;400 mil €;13/06/1996;F;TN;TUN
Túnez;Montassar Talbi;;4;Defensa;FC Lorient;7,00 mill. €;26/05/1998;F;TN;TUN
Túnez;Adem Arous;;5;Defensa;Kasimpasa;1,00 mill. €;17/07/2004;F;TN;TUN
Túnez;Dylan Bronn;;6;Defensa;Servette FC;800 mil €;19/06/1995;F;TN;TUN
Túnez;Omar Rekik;;7;Defensa;NK Maribor;500 mil €;20/12/2001;F;TN;TUN
Túnez;Raed Chikhaoui;;8;Defensa;US Monastir;250 mil €;09/06/2004;F;TN;TUN
Túnez;Ali Abdi;;9;Defensa;OGC Nice;2,50 mill. €;20/12/1993;F;TN;TUN
Túnez;Mohamed Amine Ben Hamida;;10;Defensa;Esperance Tunis;700 mil €;15/12/1995;F;TN;TUN
Túnez;Yan Valery;;11;Defensa;BSC Young Boys;1,30 mill. €;22/02/1999;F;TN;TUN
Túnez;Moutaz Neffati;;12;Defensa;IFK Norrköping;900 mil €;04/09/2004;F;TN;TUN
Túnez;Ellyes Skhiri;;13;Centrocampista;Eintracht Frankfurt;6,00 mill. €;10/05/1995;F;TN;TUN
Túnez;Mohamed Belhadj Mahmoud;;14;Centrocampista;FC Lugano;2,50 mill. €;24/04/2000;F;TN;TUN
Túnez;Rani Khedira;;15;Centrocampista;1.FC Union Berlin;2,00 mill. €;27/01/1994;F;TN;TUN
Túnez;Anis Ben Slimane;;16;Centrocampista;Norwich City;3,00 mill. €;16/03/2001;F;TN;TUN
Túnez;Hannibal;;17;Centrocampista;Burnley FC;16,00 mill. €;21/01/2003;F;TN;TUN
Túnez;Sebastian Tounekti;;18;Delantero;Celtic FC;6,00 mill. €;13/07/2002;F;TN;TUN
Túnez;Ismaël Gharbi;;19;Delantero;FC Augsburg;5,00 mill. €;10/04/2004;F;TN;TUN
Túnez;Elias Achouri;;20;Delantero;FC Copenhagen;3,50 mill. €;10/02/1999;F;TN;TUN
Túnez;Elias Saad;;21;Delantero;Hannover 96;2,50 mill. €;27/12/1999;F;TN;TUN
Túnez;Mortadha Ben Ouanes;;22;Delantero;Kasimpasa;1,50 mill. €;02/07/1994;F;TN;TUN
Túnez;Khalil Ayari;;23;Delantero;Paris Saint-Germain Espoirs;800 mil €;02/02/2005;F;TN;TUN
Túnez;Firas Chaouat;;24;Delantero;Club Africain;850 mil €;08/05/1996;F;TN;TUN
Túnez;Hazem Mastouri;;25;Delantero;Dinamo Makhachkala;700 mil €;18/06/1997;F;TN;TUN
Túnez;Rayan Elloumi;;26;Delantero;Vancouver Whitecaps FC;600 mil €;17/09/2007;F;TN;TUN
Turquía;;;1;;;;;;TR;TUR
Turquía;;;2;;;;;;TR;TUR
Turquía;;;3;;;;;;TR;TUR
Turquía;;;4;;;;;;TR;TUR
Turquía;;;5;;;;;;TR;TUR
Turquía;;;6;;;;;;TR;TUR
Turquía;;;7;;;;;;TR;TUR
Turquía;;;8;;;;;;TR;TUR
Turquía;;;9;;;;;;TR;TUR
Turquía;;;10;;;;;;TR;TUR
Turquía;;;11;;;;;;TR;TUR
Turquía;;;12;;;;;;TR;TUR
Turquía;;;13;;;;;;TR;TUR
Turquía;;;14;;;;;;TR;TUR
Turquía;;;15;;;;;;TR;TUR
Turquía;;;16;;;;;;TR;TUR
Turquía;;;17;;;;;;TR;TUR
Turquía;;;18;;;;;;TR;TUR
Turquía;;;19;;;;;;TR;TUR
Turquía;;;20;;;;;;TR;TUR
Turquía;;;21;;;;;;TR;TUR
Turquía;;;22;;;;;;TR;TUR
Turquía;;;23;;;;;;TR;TUR
Turquía;;;24;;;;;;TR;TUR
Turquía;;;25;;;;;;TR;TUR
Turquía;;;26;;;;;;TR;TUR
Uruguay;;;1;;;;;;UY;URY
Uruguay;;;2;;;;;;UY;URY
Uruguay;;;3;;;;;;UY;URY
Uruguay;;;4;;;;;;UY;URY
Uruguay;;;5;;;;;;UY;URY
Uruguay;;;6;;;;;;UY;URY
Uruguay;;;7;;;;;;UY;URY
Uruguay;;;8;;;;;;UY;URY
Uruguay;;;9;;;;;;UY;URY
Uruguay;;;10;;;;;;UY;URY
Uruguay;;;11;;;;;;UY;URY
Uruguay;;;12;;;;;;UY;URY
Uruguay;;;13;;;;;;UY;URY
Uruguay;;;14;;;;;;UY;URY
Uruguay;;;15;;;;;;UY;URY
Uruguay;;;16;;;;;;UY;URY
Uruguay;;;17;;;;;;UY;URY
Uruguay;;;18;;;;;;UY;URY
Uruguay;;;19;;;;;;UY;URY
Uruguay;;;20;;;;;;UY;URY
Uruguay;;;21;;;;;;UY;URY
Uruguay;;;22;;;;;;UY;URY
Uruguay;;;23;;;;;;UY;URY
Uruguay;;;24;;;;;;UY;URY
Uruguay;;;25;;;;;;UY;URY
Uruguay;;;26;;;;;;UY;URY
Uzbekistán;;;1;;;;;;UZ;UZB
Uzbekistán;;;2;;;;;;UZ;UZB
Uzbekistán;;;3;;;;;;UZ;UZB
Uzbekistán;;;4;;;;;;UZ;UZB
Uzbekistán;;;5;;;;;;UZ;UZB
Uzbekistán;;;6;;;;;;UZ;UZB
Uzbekistán;;;7;;;;;;UZ;UZB
Uzbekistán;;;8;;;;;;UZ;UZB
Uzbekistán;;;9;;;;;;UZ;UZB
Uzbekistán;;;10;;;;;;UZ;UZB
Uzbekistán;;;11;;;;;;UZ;UZB
Uzbekistán;;;12;;;;;;UZ;UZB
Uzbekistán;;;13;;;;;;UZ;UZB
Uzbekistán;;;14;;;;;;UZ;UZB
Uzbekistán;;;15;;;;;;UZ;UZB
Uzbekistán;;;16;;;;;;UZ;UZB
Uzbekistán;;;17;;;;;;UZ;UZB
Uzbekistán;;;18;;;;;;UZ;UZB
Uzbekistán;;;19;;;;;;UZ;UZB
Uzbekistán;;;20;;;;;;UZ;UZB
Uzbekistán;;;21;;;;;;UZ;UZB
Uzbekistán;;;22;;;;;;UZ;UZB
Uzbekistán;;;23;;;;;;UZ;UZB
Uzbekistán;;;24;;;;;;UZ;UZB
Uzbekistán;;;25;;;;;;UZ;UZB
Uzbekistán;;;26;;;;;;UZ;UZB
